listings;url;guests; bedrooms; beds; bathrooms;room_type;price;host_name;reviews;stars;location;latitude;longitude
"""FUNTASTIC""Hostel in the Centre:   Stage";https://www.airbnb.com.ro/rooms/37103158?location=Brasov%2C%20Bra%C8%99ov%2C%20Ruman%C3%ADa&check_in=2020-07-04&check_out=2020-07-05&source_impression_id=p3_1588160730_t4mVWMsfewgBpYu2&guests=1&adults=1;10;1;1;1;Shared room in the apartment;81;George;18;4.67;Brasov, Romania;4564293;2559111
"""ROOM 88"" Unique Experience Location and Lightning";https://www.airbnb.com.ro/rooms/39272931?location=Brasov%2C%20Bra%C8%99ov%2C%20Ruman%C3%ADa&check_in=2020-07-04&check_out=2020-07-05&source_impression_id=p3_1588066417_hwND5Qtw3pn7PA0c&guests=1&adults=1;4;1;1;1;Entire home;215;Tudor;34;4.91;Brasov, Romania;4563993;2559325
2   Spacious & Modern Apartament;https://www.airbnb.com.ro/rooms/39502159?location=Brasov%2C%20Bra%C8%99ov%2C%20Ruman%C3%ADa&check_in=2020-07-04&check_out=2020-07-05&previous_page_section_name=1000&federated_search_id=70821c51-f637-401b-94c8-ae36ca600b71;4;2;2;1;Entire home;140;Costi;5;5.0;Brasov, Romania;4567176;256098
4-5 apartament;https://www.airbnb.com.ro/rooms/30854683?location=Brasov%2C%20Bra%C8%99ov%2C%20Ruman%C3%ADa&check_in=2020-07-04&check_out=2020-07-05&source_impression_id=p3_1588083837_av2HmV1W9r1uVtmk&guests=1&adults=1;4;2;2;1;Entire home;121;Nicu;0;0;Brasov, Romania;4564067;256102754
5 Stars luxury 1;https://www.airbnb.com.ro/rooms/40392854?location=Brasov%2C%20Bra%C8%99ov%2C%20Ruman%C3%ADa&check_in=2020-07-04&check_out=2020-07-05&source_impression_id=p3_1588061809_elfgDKkc8MI%2F%2BBs0&guests=1&adults=1;2;1;1;1;Entire home;131;Marius;12;4.83;Brasov, Romania;4563885;2563439
92 Castelului - one   apartament;https://www.airbnb.com.ro/rooms/39247207?location=Brasov%2C%20Bra%C8%99ov%2C%20Ruman%C3%ADa&check_in=2020-07-04&check_out=2020-07-05&source_impression_id=p3_1588242670_6fUD31B%2FSgoSN%2FNm&guests=1&adults=1;4;1;1;1;Entire home;257;Vlad;10;4.60;Brasov, Romania;4564014;2559208
A night in the Museum of Living in Communism;https://www.airbnb.com.ro/rooms/37375840?location=Brasov%2C%20Bra%C8%99ov%2C%20Ruman%C3%ADa&check_in=2020-07-04&check_out=2020-07-05&source_impression_id=p3_1588245031_WZduMKEYYjLLGM98&guests=1&adults=1;2;2;2;1;Entire home;257;Raluca;3;5.0;Brasov, Romania;4563568;2562763
Ada Old Town Apartaments no 7;https://www.airbnb.com.ro/rooms/37008313?location=Brasov%2C%20Bra%C8%99ov%2C%20Ruman%C3%ADa&check_in=2020-07-04&check_out=2020-07-05&source_impression_id=p3_1588242584_eDVlGK7hBpB46q1I;4;1;2;1;Entire home;200;Andrada;9;4.67;Brasov, Romania;4564426;2558939
Ada Old Town Apartment 3;https://www.airbnb.com.ro/rooms/37516728?location=Brasov%2C%20Bra%C8%99ov%2C%20Ruman%C3%ADa&check_in=2020-07-04&check_out=2020-07-05&source_impression_id=p3_1588158297_SJdG1BryuIdpXB6o&guests=1&adults=1;4;1;2;1;Entire home;170;Andrada;33;4.76;Brasov, Romania;4564426;2558939
Ada Old Town Apartments no 6;https://www.airbnb.com/rooms/37013646?location=Brasov&check_in=2020-07-10&check_out=2020-07-11&previous_page_section_name=1000&federated_search_id=3ea7763b-0b08-4fe4-8f0e-0bb1e99b2661;3;1;2;1;Entire home;200;Andrada;21;4.98;Brasov, Romania;4564426;2558939
Adriana;https://www.airbnb.com.ro/rooms/41489971?location=Brasov%2C%20Bra%C8%99ov%2C%20Ruman%C3%ADa&check_in=2020-07-04&check_out=2020-07-05&source_impression_id=p3_1588233871_4NwUU6MxWAxeVjmX&guests=1&adults=1;2;1;1;1;Entire home;266;Adriana;1;0;Brasov, Romania;4567363;2561117
Alessia Home;https://www.airbnb.com.ro/rooms/41369702?location=Brasov%2C%20Bra%C8%99ov%2C%20Ruman%C3%ADa&check_in=2020-07-04&check_out=2020-07-05&source_impression_id=p3_1588147237_di5uZx80vTecqX3C&guests=1&adults=1;2;1;0;1;Entire home;145;Chiforiuc;4;5.0;Brasov, Romania;456786;2561081
Alexandra's Home;https://www.airbnb.com.ro/rooms/34451161?location=Brasov%2C%20Bra%C8%99ov%2C%20Ruman%C3%ADa&check_in=2020-07-04&check_out=2020-07-05&source_impression_id=p3_1588140421_ndu7SgKPVtL533gO&guests=1&adults=1;2;1;1;1;Entire home;58;Tansanu;26;4.92;Brasov, Romania;4564815;2560504
Alexandra's 1;https://www.airbnb.com/rooms/42726191?location=Brasov&check_in=2020-07-10&check_out=2020-07-11&previous_page_section_name=1000&federated_search_id=3ea7763b-0b08-4fe4-8f0e-0bb1e99b2661;2;1;1;1;Entire home;100;Alexandra;2;0;Brasov, Romania;4564218;2557743
Ali Apartament's;https://www.airbnb.com.ro/rooms/38985391?location=Brasov%2C%20Bra%C8%99ov%2C%20Ruman%C3%ADa&check_in=2020-07-04&check_out=2020-07-05&source_impression_id=p3_1588140658_7qTBq49%2FZfGmSvA2&guests=1&adults=1;2;1;1;1;Entire home;142;Uricanu;1;0;Brasov, Romania;4563899;2562911
Apartament Diac Brasov Center;https://www.airbnb.com.ro/rooms/28219326?location=Brasov%2C%20Bra%C8%99ov%2C%20Ruman%C3%ADa&check_in=2020-07-04&check_out=2020-07-05&source_impression_id=p3_1588161364_HgsptrXcZcB1apTN&guests=1&adults=1;6;1;2;1;Entire home;121;Laura;45;4.58;Brasov, Romania;4564965;255993
Apartament Eden near Coresi Mall;https://www.airbnb.com.ro/rooms/42696014?location=Brasov%2C%20Bra%C8%99ov%2C%20Ruman%C3%ADa&check_in=2020-07-04&check_out=2020-07-05&source_impression_id=p3_1588093991_aN6LUak1EgodTZkL&guests=1&adults=1;2;1;0;1;Entire home;150;Rania;0;0;Brasov, Romania;4567568;2560875
Apartament Karina;https://www.airbnb.com.ro/rooms/40745784?location=Brasov%2C%20Bra%C8%99ov%2C%20Ruman%C3%ADa&check_in=2020-07-04&check_out=2020-07-05&source_impression_id=p3_1588245473_oZld6cr3wd2wqazS&guests=1&adults=1;4;1;3;1;Entire home;178;Marius;2;0;Brasov, Romania;4565064;2561946
Apartament nou, curat si confortabil;https://www.airbnb.com.ro/rooms/41863085?location=Brasov%2C%20Bra%C8%99ov%2C%20Ruman%C3%ADa&check_in=2020-07-04&check_out=2020-07-05&source_impression_id=p3_1588093931_AtMrws%2FU%2F41NBLp3&guests=1&adults=1;4;2;3;1;Entire home;232;Moisa;1;0;Brasov, Romania;4567644;256078
Apartament Romina in the Old Town;https://www.airbnb.com.ro/rooms/7307207?location=Brasov%2C%20Bra%C8%99ov%2C%20Ruman%C3%ADa&check_in=2020-07-04&check_out=2020-07-05&source_impression_id=p3_1588082222_VoqENz1xMLgU1WZr&guests=1&adults=1;5;2;2;2;Entire home;194;Romina;10;4.90;Brasov, Romania;456592;2558492
Apartament Valentina;https://www.airbnb.com.ro/rooms/29307774?location=Brasov%2C%20Bra%C8%99ov%2C%20Ruman%C3%ADa&check_in=2020-07-04&check_out=2020-07-05&source_impression_id=p3_1588082106_RUPaedniwdfNOrln&guests=1&adults=1;4;1;2;1;Entire home;169;Valentina;4;4.67;Brasov, Romania;4565544;2559114
Arina's apartaments 1;https://www.airbnb.com.ro/rooms/41417255?location=Brasov%2C%20Bra%C8%99ov%2C%20Ruman%C3%ADa&check_in=2020-07-04&check_out=2020-07-05&previous_page_section_name=1000&federated_search_id=6f758d0c-f138-4e96-890b-bf9955b84e27;2;1;2;1;Entire home;200;Arina;1;0;Brasov, Romania;4565195;2558418
Arina's apartaments 2 ;https://www.airbnb.com.ro/rooms/41906045?location=Brasov%2C%20Bra%C8%99ov%2C%20Ruman%C3%ADa&check_in=2020-07-04&check_out=2020-07-05&source_impression_id=p3_1588237194_WJL6GOLmUbKWq%2Bk0&guests=1&adults=1;2;1;2;1;Entire home;175;Arina;0;0;Brasov, Romania;4565236;2558441
Arina's apartaments 3;https://www.airbnb.com.ro/rooms/31213646?location=Brasov%2C%20Bra%C8%99ov%2C%20Ruman%C3%ADa&check_in=2020-07-04&check_out=2020-07-05&source_impression_id=p3_1588067032_5E7fZddl5Va1F2gT&guests=1&adults=1;2;1;1;1;Entire home;160;Arina ;5;5.0;Brasov, Romania;4565236;2558441
Arthea Apart;https://www.airbnb.com.ro/rooms/42601782?location=Brasov%2C%20Bra%C8%99ov%2C%20Ruman%C3%ADa&check_in=2020-07-04&check_out=2020-07-05&source_impression_id=p3_1588228008_v%2BgzmHWi%2BoJ%2FVDKA&guests=1&adults=1;4;2;2;1;Entire home;220;Bb;0;0;Brasov, Romania;4566403;255835
Atico - Three   Loft with Terrace & Parking;https://www.airbnb.com/rooms/40497943?location=Brasov&check_in=2020-07-10&check_out=2020-07-11&previous_page_section_name=1000&federated_search_id=3ea7763b-0b08-4fe4-8f0e-0bb1e99b2661;7;3;4;3;Entire home;286;Sorin;28;;Brasov, Romania;4566254;2559508
Aura's Home;https://www.airbnb.com.ro/rooms/26326113?location=Brasov%2C%20Bra%C8%99ov%2C%20Ruman%C3%ADa&check_in=2020-07-04&check_out=2020-07-05&source_impression_id=p3_1588146881_TLa14W6NRo97%2FsnU&guests=1&adults=1;2;1;1;1;Entire home;138;Bogdan;25;4.96;Brasov, Romania;4565094;2559319
Awesome Location with a Gorgeous View;https://www.airbnb.com.ro/rooms/24890036?location=Brasov%2C%20Bra%C8%99ov%2C%20Ruman%C3%ADa&check_in=2020-07-04&check_out=2020-07-05&source_impression_id=p3_1588245916_RVJhD2xzQCDzulki&guests=1&adults=1;4;1;2;1;Entire home;310;Tavi;28;4.96;Brasov, Romania;456385;2558811
Balcescu Apartament in Historical Center;https://www.airbnb.com.ro/rooms/14207704?location=Brasov%2C%20Bra%C8%99ov%2C%20Ruman%C3%ADa&check_in=2020-07-04&check_out=2020-07-05&previous_page_section_name=1000&federated_search_id=e1b36ccc-71a5-462d-a527-d5950af88034;2;1;1;1;Entire home;160;Rodica;29;4.28;Brasov, Romania;4564238;2559271
Balcescu Vintage Suite;https://www.airbnb.com.ro/rooms/42582741?location=Brasov%2C%20Bra%C8%99ov%2C%20Ruman%C3%ADa&check_in=2020-07-04&check_out=2020-07-05&source_impression_id=p3_1588061736_Tl4DSjGDQwJpibq%2F&guests=1&adults=1;4;1;2;1;Entire home;242;Mihaela;3;5.0;Brasov, Romania;4564366;2559648
basarab 1;https://www.airbnb.com.ro/s/Brasov--Bra%C8%99ov--Ruman%C3%ADa/homes?tab_id=home_tab&refinement_paths%5B%5D=%2Fhomes&place_id=ChIJ8RSiKoZbs0ARDx45VO_y9Ww&source=structured_search_input_header&search_type=pagination&map_toggle=false&federated_search_session_id=cb4d30c4-6148-4462-8466-8ad91ab3200a&section_offset=3&items_offset=160&query=Bra%C8%99ov%2C%20Rom%C3%A2nia&checkin=2020-07-04&checkout=2020-07-05;4;1;2;1;Entire home;220;Loredana;2;0;Brasov, Romania;4564683;2560328
basarab 2;https://www.airbnb.com.ro/rooms/40725247?location=Brasov%2C%20Bra%C8%99ov%2C%20Ruman%C3%ADa&check_in=2020-07-04&check_out=2020-07-05&source_impression_id=p3_1588158728_Bcjv9SD1cZff1Ezq&guests=1&adults=1;2;1;1;1;Entire home;150;Loredana;2;0;Brasov, Romania;4564683;2560328
basarab 3;https://www.airbnb.com.ro/rooms/40725024?location=Brasov%2C%20Bra%C8%99ov%2C%20Ruman%C3%ADa&check_in=2020-07-04&check_out=2020-07-05&source_impression_id=p3_1588146547_RZCA%2FhG%2BDQrWJdeG&guests=1&adults=1;2;1;1;1;Entire home;150;Loredana;4;3.75;Brasov, Romania;4564683;2560328
basarab 4;https://www.airbnb.com.ro/rooms/40723812?location=Brasov%2C%20Bra%C8%99ov%2C%20Ruman%C3%ADa&check_in=2020-07-04&check_out=2020-07-05&source_impression_id=p3_1588246284_UP%2Bj%2BdgMEakoEdYf&guests=1&adults=1;2;1;0;1;Entire home;170;Loredana;1;0;Brasov, Romania;4564683;2560328
Bellevue Apartament Brasov;https://www.airbnb.com.ro/rooms/22857060?location=Brasov%2C%20Bra%C8%99ov%2C%20Ruman%C3%ADa&check_in=2020-07-04&check_out=2020-07-05&source_impression_id=p3_1588067921_T0rL1ogG%2Bg7fJRVb&guests=1&adults=1;5;1;2;1;Entire home;382;Rodica;18;5.0;Brasov, Romania;45646;25579
Benny's House;https://www.airbnb.com/rooms/20184905?location=Brasov&check_in=2020-07-10&check_out=2020-07-11&previous_page_section_name=1000&federated_search_id=3ea7763b-0b08-4fe4-8f0e-0bb1e99b2661;2;1;1;1;Entire home;75;Constantin119;142;4.96;Brasov, Romania;4566804;2560284
Bijou Residence (OLD TOWN);https://www.airbnb.com.ro/rooms/31200186?location=Brasov%2C%20Bra%C8%99ov%2C%20Ruman%C3%ADa&check_in=2020-07-04&check_out=2020-07-05&source_impression_id=p3_1588084437_t7lqcD%2FVe0VIQAwW&guests=1&adults=1;4;1;2;1;Entire home;250;Iulia;74;4.96;Brasov, Romania;4564318;2558976
Biz&Tour  Apartament;https://www.airbnb.com.ro/rooms/43008838?location=Brasov%2C%20Bra%C8%99ov%2C%20Ruman%C3%ADa&check_in=2020-07-04&check_out=2020-07-05&source_impression_id=p3_1588060718_AIUFpBsYTJr342Dl&guests=1&adults=1;4;2;2;2;Entire home;109;Andreea;0;0;Brasov, Romania;4565005;2560603
Blue House - room 1;https://www.airbnb.com.ro/rooms/13092550?location=Brasov%2C%20Bra%C8%99ov%2C%20Ruman%C3%ADa&check_in=2020-07-04&check_out=2020-07-05&source_impression_id=p3_1588227936_uBBUTPFcV5%2FXbj6k&guests=1&adults=1;2;1;1;1;Private room in apartament;110;Oliviu Grigore;12;4.91;Brasov, Romania;4565166;2558649
Blue Room Coroni Residence;https://www.airbnb.com.ro/rooms/25925792?location=Brasov%2C%20Bra%C8%99ov%2C%20Ruman%C3%ADa&check_in=2020-07-04&check_out=2020-07-05&source_impression_id=p3_1588232584_UrmjIm95%2BZublmCx&guests=1&adults=1;3;1;3;1;Private room in apartament;158;Codrin;1;0;Brasov, Romania;4565743;2557219
Brasov City Walls 4 g II;https://www.airbnb.com.ro/rooms/26237443?location=Brasov%2C%20Bra%C8%99ov%2C%20Ruman%C3%ADa&check_in=2020-07-04&check_out=2020-07-05&source_impression_id=p3_1588161807_8iwkVVGw96BmLS%2FG;4;1;2;1;Entire home;97;Emo;6;5.0;Brasov, Romania;4564284;2558829
Brasov City Walls Apartament I;https://www.airbnb.com.ro/rooms/37375840?location=Brasov%2C%20Bra%C8%99ov%2C%20Ruman%C3%ADa&check_in=2020-07-04&check_out=2020-07-05&source_impression_id=p3_1588245031_WZduMKEYYjLLGM98&guests=1&adults=1;2;1;1;1;Entire home;97;Emo;2;0;Brasov, Romania;4564249;255867
Brasov Cozy and quiet apartament;https://www.airbnb.com.ro/rooms/26144183?location=Brasov%2C%20Bra%C8%99ov%2C%20Ruman%C3%ADa&check_in=2020-07-04&check_out=2020-07-05&source_impression_id=p3_1588246710_ELgitrDkT30CF7Z%2B&guests=1&adults=1;4;2;2;1;Private room in apartament;169;Florin;35;4.60;Brasov, Romania;4564258;255865
Brasov Residence One;https://www.airbnb.com.ro/rooms/38530212?location=Brasov%2C%20Bra%C8%99ov%2C%20Ruman%C3%ADa&check_in=2020-07-04&check_out=2020-07-05&source_impression_id=p3_1588068052_YU8bb625D3QS7l3A&guests=1&adults=1;4;2;2;1;Entire home;200;Marian;10;5.0;Brasov, Romania;4564292;2560334
Brasov Residence Two;https://www.airbnb.com.ro/rooms/42530599?location=Brasov%2C%20Bra%C8%99ov%2C%20Ruman%C3%ADa&check_in=2020-07-04&check_out=2020-07-05&source_impression_id=p3_1588236925_GzAO7qvXTKhZr6Oq&guests=1&adults=1;2;1;1;1;Entire home;300;Marian;1;0;Brasov, Romania;4564292;2560334
Brasov 1 for rent;https://www.airbnb.com.ro/rooms/41120184?location=Brasov%2C%20Bra%C8%99ov%2C%20Ruman%C3%ADa&check_in=2020-07-04&check_out=2020-07-05&source_impression_id=p3_1588242171_MM5FYFMC4yrmCmqh&guests=1&adults=1;2;1;1;1;Entire home;120;Andreea;1;0;Brasov, Romania;4564933;256131
Brasov Sweet House;https://www.airbnb.com.ro/rooms/31344522?location=Brasov%2C%20Bra%C8%99ov%2C%20Ruman%C3%ADa&check_in=2020-07-04&check_out=2020-07-05&source_impression_id=p3_1588236744_j7IpntUXjXL00Ccl&guests=1&adults=1;3;1;2;1;Entire home;180;Ghiban;2;0;Brasov, Romania;4564253;2559266
BrasovApart Republicii;https://www.airbnb.com.ro/rooms/11251112?location=Brasov%2C%20Bra%C8%99ov%2C%20Ruman%C3%ADa&check_in=2020-07-04&check_out=2020-07-05&source_impression_id=p3_1588145878_wcmkjSj2kmdDrHVf&guests=1&adults=1;2;1;1;1;Entire home;136;Tudor;74;4.76;Brasov, Romania;45643;25592
Bright and Modern 1 near the Maill;https://www.airbnb.com.ro/rooms/42735217?location=Brasov%2C%20Bra%C8%99ov%2C%20Ruman%C3%ADa&check_in=2020-07-04&check_out=2020-07-05&source_impression_id=p3_1588246568_V7HR4b7sL%2BYdps6Q&guests=1&adults=1;4;1;1;1;The whole apartment in residential complex;220;Bb;0;0;Brasov, Romania;4566899;2561686
Camera dubla Priviledge Casa de Papel;https://www.airbnb.com.ro/rooms/40258796?location=Brasov%2C%20Bra%C8%99ov%2C%20Ruman%C3%ADa&check_in=2020-07-04&check_out=2020-07-05&source_impression_id=p3_1588147436_UGclY%2BXasORSeKI3&guests=1&adults=1;2;1;2;1;Entire home;110;Gafia;0;0;Brasov, Romania;4564675;2562425
Camere de inchiriat;https://www.airbnb.com.ro/rooms/40769207?location=Brasov%2C%20Bra%C8%99ov%2C%20Ruman%C3%ADa&check_in=2020-07-04&check_out=2020-07-05&source_impression_id=p3_1588234117_y9Yc2YDyWxRv3rz6&guests=1&adults=1;4;2;2;2;Entire home;90;Daniela;1;0;Brasov, Romania;4561785;2563999
Captain Apartament;https://www.airbnb.com.ro/rooms/31365963?location=Brasov%2C%20Bra%C8%99ov%2C%20Ruman%C3%ADa&check_in=2020-07-04&check_out=2020-07-05&source_impression_id=p3_1588244822_qGNMn9Z0zTT%2FANEo&guests=1&adults=1;6;2;3;1;Entire home;300;Marcela;11;5.0;Brasov, Romania;4563432;2557861
Casa Baciu;https://www.airbnb.com.ro/rooms/22857060?location=Brasov%2C%20Bra%C8%99ov%2C%20Ruman%C3%ADa&check_in=2020-07-04&check_out=2020-07-05&source_impression_id=p3_1588067921_T0rL1ogG%2Bg7fJRVb&guests=1&adults=1;6;2;3;2;Entire home;431;Diana;50;4.98;Brasov, Romania;4563833;2558731
Casa BRAD;https://www.airbnb.com.ro/rooms/27764874?location=Brasov%2C%20Bra%C8%99ov%2C%20Ruman%C3%ADa&check_in=2020-07-04&check_out=2020-07-05&source_impression_id=p3_1588082612_%2BWQ%2FYo%2FGu81Me5o%2B&guests=1&adults=1;8;2;4;2;Entire home;500;Brad;4;5.0;Brasov, Romania;4561589;2565789
Casa Charlot - Camera dubla 1 ;https://www.airbnb.com.ro/rooms/42151581?location=Brasov%2C%20Bra%C8%99ov%2C%20Ruman%C3%ADa&check_in=2020-07-04&check_out=2020-07-05&source_impression_id=p3_1588157794_YOflAxLIPCiR0Ovd&guests=1&adults=1;2;1;1;1;Private room in apartament;115;Charlota;0;0;Brasov, Romania;4566151;2559825
Casa Charlot - Camera dubla 1 ;https://www.airbnb.com.ro/rooms/42378782?location=Brasov%2C%20Bra%C8%99ov%2C%20Ruman%C3%ADa&check_in=2020-07-04&check_out=2020-07-05&source_impression_id=p3_1588158585_tUFzDAcrk1Z2OFsz&guests=1&adults=1;2;1;1;1;Private room in apartament;125;Charlota;0;0;Brasov, Romania;4566151;2559825
Casa Chill Brasov ;https://www.airbnb.com.ro/rooms/39512200?location=Brasov%2C%20Bra%C8%99ov%2C%20Ruman%C3%ADa&check_in=2020-07-04&check_out=2020-07-05&source_impression_id=p3_1588061863_iEoTqm89WK7dIhc2&guests=1&adults=1;4;1;1;1;Entire home;160;Alina;11;5.0;Brasov, Romania;4566513;2555987
Casa Crisan-Holiday house city center;https://www.airbnb.com.ro/rooms/31984604?location=Brasov%2C%20Bra%C8%99ov%2C%20Ruman%C3%ADa&check_in=2020-07-04&check_out=2020-07-05&source_impression_id=p3_1588063045_6oRcA7fSgePfzOFv&guests=1&adults=1;7;2;4;1;Entire home;300;Adrian;30;4.52;Brasov, Romania;4565125;2558475
Cazare De Mijloc;https://www.airbnb.com.ro/rooms/33014827?location=Brasov%2C%20Bra%C8%99ov%2C%20Ruman%C3%ADa&check_in=2020-07-04&check_out=2020-07-05&source_impression_id=p3_1588161714_I34Cy5Ywv%2B1Z3PXF&guests=1&adults=1;2;1;1;1;Entire home;200;Angelo;1;0;Brasov, Romania;4565341;2558805
Casa Graef 1 [ apartaments in te heart of city];https://www.airbnb.com.ro/rooms/13645983?location=Brasov%2C%20Bra%C8%99ov%2C%20Ruman%C3%ADa&check_in=2020-07-04&check_out=2020-07-05&source_impression_id=p3_1588233625_WvmikqqmUK0uO8%2B5&guests=1&adults=1;4;1;2;1;Entire home;245;Hajnalka;27;5.0;Brasov, Romania;4564213;2558607
Casa Shakespeare - Bran Castle  ;https://www.airbnb.com/rooms/40132177?location=Brasov&check_in=2020-07-10&check_out=2020-07-11&source_impression_id=p3_1588005142_gAF87hckIVJRdg5S&guests=1&adults=1;4;1;2;1;Private room in apartament;99;Bianca&Robert;9;4.67;Brasov, Romania;4563596;2557938
Castanilor 1;https://www.airbnb.com.ro/rooms/14207704?location=Brasov%2C%20Bra%C8%99ov%2C%20Ruman%C3%ADa&check_in=2020-07-04&check_out=2020-07-05&previous_page_section_name=1000&federated_search_id=e1b36ccc-71a5-462d-a527-d5950af88034;3;1;2;1;Entire home;242;Izabella;14;4.86;Brasov, Romania;456474;2560422
Centara Deluxe apartament;https://www.airbnb.com.ro/rooms/26237443?location=Brasov%2C%20Bra%C8%99ov%2C%20Ruman%C3%ADa&check_in=2020-07-04&check_out=2020-07-05&source_impression_id=p3_1588161807_8iwkVVGw96BmLS%2FG;6;2;4;1;Entire home;360;Miri;8;4.88;Brasov, Romania;4563764;2558735
Centara 1 apartament;https://www.airbnb.com.ro/rooms/32814155?location=Brasov%2C%20Bra%C8%99ov%2C%20Ruman%C3%ADa&check_in=2020-07-04&check_out=2020-07-05&source_impression_id=p3_1588060611_not1of7FwcvYAb0r;2;1;2;2;Entire home;252;Miri;15;4.87;Brasov, Romania;4563787;2558853
Central Apartament St's Martin Church;https://www.airbnb.com.ro/rooms/37676837?location=Brasov%2C%20Bra%C8%99ov%2C%20Ruman%C3%ADa&check_in=2020-07-04&check_out=2020-07-05&source_impression_id=p3_1588066335_4PRXo0FC%2FCzhIMd2&guests=1&adults=1;6;2;3;1;Entire home;179;Dan;38;4.92;Brasov, Romania;4565189;2559009
Central Attic Apartament;https://www.airbnb.com.ro/s/Brasov--Bra%C8%99ov--Ruman%C3%ADa/homes?tab_id=home_tab&refinement_paths%5B%5D=%2Fhomes&place_id=ChIJ8RSiKoZbs0ARDx45VO_y9Ww&source=structured_search_input_header&search_type=pagination&map_toggle=false&federated_search_session_id=cb4d30c4-6148-4462-8466-8ad91ab3200a&section_offset=3&items_offset=160&query=Bra%C8%99ov%2C%20Rom%C3%A2nia&checkin=2020-07-04&checkout=2020-07-05;4;2;2;1;Entire home;135;Gino;8;4.75;Brasov, Romania;45651;25581
Charlot's House - Apartament;https://www.airbnb.com.ro/rooms/34745796?location=Brasov%2C%20Bra%C8%99ov%2C%20Ruman%C3%ADa&check_in=2020-07-04&check_out=2020-07-05&source_impression_id=p3_1588082484_jymjvuhb2g7qpIIk&guests=1&adults=1;4;1;1;1;Entire home;130;Charlota;31;4.90;Brasov, Romania;2560334;255998
Charming apartament located downtown;https://www.airbnb.com.ro/rooms/1488039?location=Brasov%2C%20Bra%C8%99ov%2C%20Ruman%C3%ADa&check_in=2020-07-04&check_out=2020-07-05&source_impression_id=p3_1588244631_V4LYsmAWZqqBSJqR&guests=1&adults=1;5;2;3;1;Entire home;218;Lucian;157;4.87;Brasov, Romania;4564094;2558915
Charming Old Town Flat with Mountain View;https://www.airbnb.com.ro/rooms/31217085?location=Brasov%2C%20Bra%C8%99ov%2C%20Ruman%C3%ADa&check_in=2020-07-04&check_out=2020-07-05&source_impression_id=p3_1588242929_JcLjum6%2FMrzxPLfr&guests=1&adults=1;6;1;2;1;Entire home;345;Andrei;25;4.80;Brasov, Romania;4564208;2559506
Charming 1 along the fortness walls;https://www.airbnb.com.ro/rooms/34214315?location=Brasov%2C%20Bra%C8%99ov%2C%20Ruman%C3%ADa&check_in=2020-07-04&check_out=2020-07-05&source_impression_id=p3_1588081303_rJSiRP0nfP8L0X%2FR&guests=1&adults=1;2;1;1;1;Entire home;116;Oana;225;4.84;Brasov, Romania;45643;25589
Charming 1 along the fortress walls;https://www.airbnb.com/rooms/16502225?location=Brasov&check_in=2020-07-10&check_out=2020-07-11&previous_page_section_name=1000&federated_search_id=3ea7763b-0b08-4fe4-8f0e-0bb1e99b2661;2;1;1;1;Entire home;137;Oana;225;;Brasov, Romania;4564217;2559521
Charming Vintage Apartament Piata Sfatului;https://www.airbnb.com.ro/rooms/33581646?location=Brasov%2C%20Bra%C8%99ov%2C%20Ruman%C3%ADa&check_in=2020-07-04&check_out=2020-07-05&previous_page_section_name=1000&federated_search_id=96fbd9ab-c0ed-43d2-8378-1d31d2469fd3;4;1;2;1;Entire home;150;Diana;23;4.73;Brasov, Romania;4564169;2558574
CHIC APARTAMENT ;https://www.airbnb.com.ro/rooms/42673447?location=Brasov%2C%20Bra%C8%99ov%2C%20Ruman%C3%ADa&check_in=2020-07-04&check_out=2020-07-05&source_impression_id=p3_1588160799_UVIxlibF2eejasSw&guests=1&adults=1;4;1;2;1;Entire home;200;Anca Elena;0;0;Brasov, Romania;4565147;255893
Chic 1 near Black Church;https://www.airbnb.com.ro/rooms/22447810?location=Brasov%2C%20Bra%C8%99ov%2C%20Ruman%C3%ADa&check_in=2020-07-04&check_out=2020-07-05&source_impression_id=p3_1588147120_lFRY29Kks7YvAksM&guests=1&adults=1;2;1;1;1;Entire home;185;Bianca;15;4.93;Brasov, Romania;4563987;2558563
Chill Zone Apartament;https://www.airbnb.com.ro/rooms/38577695?location=Brasov%2C%20Bra%C8%99ov%2C%20Ruman%C3%ADa&check_in=2020-07-04&check_out=2020-07-05&source_impression_id=p3_1588066042_Bj9oo5UgscHhTRKt&guests=1&adults=1;4;2;2;1;Entire home;295;Beatrice&Ovi;30;4.97;Brasov, Romania;456535;2558068
City Center Sunny House near Black Church+ PKG;https://www.airbnb.com.ro/rooms/31521984?location=Brasov%2C%20Bra%C8%99ov%2C%20Ruman%C3%ADa&check_in=2020-07-04&check_out=2020-07-05&previous_page_section_name=1000&federated_search_id=96fbd9ab-c0ed-43d2-8378-1d31d2469fd3;5;1;3;1;Entire home;178;Adriana&Bogdan;25;4.83;Brasov, Romania;45637;2558061
Comfortable 1 in central location;https://www.airbnb.com.ro/rooms/17402475?location=Brasov%2C%20Bra%C8%99ov%2C%20Ruman%C3%ADa&check_in=2020-07-04&check_out=2020-07-05&source_impression_id=p3_1588145832_mhqRlIE35XofGIxv;2;1;1;1;Entire home;131;Claudia;39;4.72;Brasov, Romania;4564816;2559785
Confort Ale;https://www.airbnb.com.ro/rooms/40001059?location=Brasov%2C%20Bra%C8%99ov%2C%20Ruman%C3%ADa&check_in=2020-07-04&check_out=2020-07-05&source_impression_id=p3_1588082659_oR7%2BuNxuhUjjb9rP&guests=1&adults=1;2;1;1;1;Entire home;135;Claudia;4;5.0;Brasov, Romania;4567461;25607307
Coucourigou 1;https://www.airbnb.com.ro/rooms/39589868?location=Brasov%2C%20Bra%C8%99ov%2C%20Ruman%C3%ADa&check_in=2020-07-04&check_out=2020-07-05&source_impression_id=p3_1588093766_jtBRGjUjV853dp0B&guests=1&adults=1;4;1;2;1;Entire home;194;Vlad;19;4.84;Brasov, Romania;4564018;2559161
Council Square Big Apartament;https://www.airbnb.com.ro/rooms/36374596?location=Brasov%2C%20Bra%C8%99ov%2C%20Ruman%C3%ADa&check_in=2020-07-04&check_out=2020-07-05&source_impression_id=p3_1588237115_cdgpuJvvz4jm1D3P&guests=1&adults=1;5;1;3;1;Entire home;180;Diana;11;4.73;Brasov, Romania;4564414;2558899
Cozy A&R Homes-Full Apartmane Brasov,Romania;https://www.airbnb.com.ro/rooms/38821577?location=Brasov%2C%20Bra%C8%99ov%2C%20Ruman%C3%ADa&check_in=2020-07-04&check_out=2020-07-05&source_impression_id=p3_1588066157_UHBFzjOGGAVffLKK;6;2;3;1;Entire home;242;Andreea;12;5.0;Brasov, Romania;45681;25609
Cozy apartament in the old city;https://www.airbnb.com.ro/rooms/41908561?location=Brasov%2C%20Bra%C8%99ov%2C%20Ruman%C3%ADa&check_in=2020-07-04&check_out=2020-07-05&source_impression_id=p3_1588158239_P0UeffYEDZlSmXUu&guests=1&adults=1;4;1;1;1;Entire home;160;Anastasia;3;4.33;Brasov, Romania;4564504;2559226
Cosy apartament near Black Church;https://www.airbnb.com.ro/rooms/22537793?location=Brasov%2C%20Bra%C8%99ov%2C%20Ruman%C3%ADa&check_in=2020-07-04&check_out=2020-07-05&source_impression_id=p3_1588234402_ZyqmC9Cdr3NVfP4F&guests=1&adults=1;4;1;2;1;Entire home;310;Bianca;32;4.88;Brasov, Romania;4563984;2558752
Cozy Deluxe Ap - with parking;https://www.airbnb.com.ro/rooms/21654455?location=Brasov%2C%20Bra%C8%99ov%2C%20Ruman%C3%ADa&check_in=2020-07-04&check_out=2020-07-05&previous_page_section_name=1000&federated_search_id=db6b2f54-1ea2-4562-9720-c60176361bc5;6;2;4;2;Entire home;411;Catalin;82;4.93;Brasov, Romania;45671;25594
Cozy flat in the heart of Brasov ;https://www.airbnb.com.ro/rooms/40361314?location=Brasov%2C%20Bra%C8%99ov%2C%20Ruman%C3%ADa&check_in=2020-07-04&check_out=2020-07-05&source_impression_id=p3_1588065149_P3etWYIFC6uvxM8A&guests=1&adults=1;4;1;2;1;Entire home;175;Horia;7;5.0;Brasov, Romania;4564029;255912
Cozy Green Room;https://www.airbnb.com.ro/rooms/17360734?location=Brasov%2C%20Bra%C8%99ov%2C%20Ruman%C3%ADa&check_in=2020-07-04&check_out=2020-07-05&source_impression_id=p3_1588147361_fac6oQiW7FIi3VwN&guests=1&adults=1;2;1;1;1;Private room in apartament;73;Simona;100;4.98;Brasov, Romania;4527082;256748
Cozy room with a perfect view of the Brasov;https://www.airbnb.com.ro/rooms/41054329?location=Brasov%2C%20Bra%C8%99ov%2C%20Ruman%C3%ADa&check_in=2020-07-04&check_out=2020-07-05&source_impression_id=p3_1588082539_twKjWzBdi4HtTGMe&guests=1&adults=1;2;1;1;1;Entire home;145;Tudor;5;5.0;Brasov, Romania;4564128;25592
Cozy sauna apartament with view on Black Church;https://www.airbnb.com.ro/rooms/9328313?location=Brasov%2C%20Bra%C8%99ov%2C%20Ruman%C3%ADa&check_in=2020-07-04&check_out=2020-07-05&source_impression_id=p3_1588162124_CfSQcZmEHEvW4VAv&guests=1&adults=1;4;1;2;1;Entire home;276;Florin;114;4.96;Brasov, Romania;4564033;2558588
Cozy 1 Old Center;https://www.airbnb.com.ro/s/Brasov--Bra%C8%99ov--Ruman%C3%ADa/homes?tab_id=home_tab&refinement_paths%5B%5D=%2Fhomes&place_id=ChIJ8RSiKoZbs0ARDx45VO_y9Ww&source=structured_search_input_header&search_type=pagination&map_toggle=false&federated_search_session_id=cb4d30c4-6148-4462-8466-8ad91ab3200a&section_offset=3&items_offset=160&query=Bra%C8%99ov%2C%20Rom%C3%A2nia&checkin=2020-07-04&checkout=2020-07-05;2;1;1;1;Entire home;160;Bogdan;34;4.79;Brasov, Romania;4564537;2560282
D&A Residence;https://www.airbnb.com.ro/rooms/42263295?location=Brasov%2C%20Bra%C8%99ov%2C%20Ruman%C3%ADa&check_in=2020-07-04&check_out=2020-07-05&source_impression_id=p3_1588066846_kSnTX6NbJqKdvyj5&guests=1&adults=1;2;1;1;1;Entire home;97;Alina;1;0;Brasov, Romania;457036;256002
Designer Apt in Historical Building;https://www.airbnb.com.ro/rooms/1517986?location=Brasov%2C%20Bra%C8%99ov%2C%20Ruman%C3%ADa&check_in=2020-07-04&check_out=2020-07-05&previous_page_section_name=1000&federated_search_id=c7d33d29-b501-4711-a4c2-bb3e2d216c43;4;1;2;1;Entire home;479;Adrian;51;4.96;Brasov, Romania;4564174;2559011
Dimitrie Cantemir ;https://www.airbnb.com.ro/rooms/34294567?location=Brasov%2C%20Bra%C8%99ov%2C%20Ruman%C3%ADa&check_in=2020-07-04&check_out=2020-07-05&source_impression_id=p3_1588236872_eAZ5X3%2FmkFM4wCGM&guests=1&adults=1;4;1;2;1;Entire home;220;Pamela;5;5.0;Brasov, Romania;4565159;2560364
Dragonfly Gardens - The Walnut;https://www.airbnb.com.ro/rooms/36500184?location=Brasov%2C%20Bra%C8%99ov%2C%20Ruman%C3%ADa&check_in=2020-07-04&check_out=2020-07-05&source_impression_id=p3_1588082850_zrNJtLGRLp75XtV2&guests=1&adults=1;2;1;1;4;Entire home;165;Kinga;20;5.0;Brasov, Romania;4563816;2561726
Dragonfly Gardens - The Walnut;https://www.airbnb.com.ro/rooms/36495144?location=Brasov%2C%20Bra%C8%99ov%2C%20Ruman%C3%ADa&check_in=2020-07-04&check_out=2020-07-05&source_impression_id=p3_1588160643_7xfjpKoDJPY5r8Tx&guests=1&adults=1;3;1;1;4;Private room in apartament;165;Kinga;25;5.0;Brasov, Romania;4563816;2561726
Dragonfly Gardens- The Lavander;https://www.airbnb.com.ro/rooms/36480802?location=Brasov%2C%20Bra%C8%99ov%2C%20Ruman%C3%ADa&check_in=2020-07-04&check_out=2020-07-05&source_impression_id=p3_1588233972_9%2Fse%2BT%2BBi0Q2vewN&guests=1&adults=1;2;1;1;4;Private room in apartament;165;Kinga;21;4.95;Brasov, Romania;4563816;2561726
Dragonfly Gardens -The Peach;https://www.airbnb.com.ro/rooms/36500195?location=Brasov%2C%20Bra%C8%99ov%2C%20Ruman%C3%ADa&check_in=2020-07-04&check_out=2020-07-05&source_impression_id=p3_1588232718_Wt8OS3HGVBmIz0Mv&guests=1&adults=1;3;1;1;4;Private room in apartament;165;Kinga;17;4.94;Brasov, Romania;4563816;2561726
Dragonfly 1;https://www.airbnb.com.ro/rooms/37208409?location=Brasov%2C%20Bra%C8%99ov%2C%20Ruman%C3%ADa&check_in=2020-07-04&check_out=2020-07-05&previous_page_section_name=1000&federated_search_id=79789f61-515f-4499-a673-6463fe2578c5;2;1;1;1;Entire home;130;Kinga;17;5.0;Brasov, Romania;4563816;2561726
DumDix;https://www.airbnb.com/rooms/30280007?location=Brasov&check_in=2020-07-10&check_out=2020-07-11&previous_page_section_name=1000&federated_search_id=3ea7763b-0b08-4fe4-8f0e-0bb1e99b2661;3;1;2;1;Entire home;158;Ditescu;22;5.0;Brasov, Romania;4565455;2559238
Eco 1;https://www.airbnb.com.ro/rooms/36649551?location=Brasov%2C%20Bra%C8%99ov%2C%20Ruman%C3%ADa&check_in=2020-07-04&check_out=2020-07-05&source_impression_id=p3_1588147081_AAhT741nGPt%2BpM1S;4;1;0;1;Entire home;200;Alin;1;0;Brasov, Romania;4565771;2560146
EDY'S;https://www.airbnb.com.ro/rooms/32278308?location=Brasov%2C%20Bra%C8%99ov%2C%20Ruman%C3%ADa&check_in=2020-07-04&check_out=2020-07-05&source_impression_id=p3_1588081981_qjsvLmtw5T%2FH04k8&guests=1&adults=1;3;1;1;1;Entire home;185;Mariana;3;5.0;Brasov, Romania;4566448;2555709
Elegant and Modern 1 in the Old Town;https://www.airbnb.com.ro/rooms/40725024?location=Brasov%2C%20Bra%C8%99ov%2C%20Ruman%C3%ADa&check_in=2020-07-04&check_out=2020-07-05&source_impression_id=p3_1588146547_RZCA%2FhG%2BDQrWJdeG&guests=1&adults=1;4;1;2;1;The whole apartment in residential complex;250;Bb;2;0;Brasov, Romania;4564571;2559421
ELISSA APARTAMENT;https://www.airbnb.com.ro/rooms/42239430?location=Brasov%2C%20Bra%C8%99ov%2C%20Ruman%C3%ADa&check_in=2020-07-04&check_out=2020-07-05&source_impression_id=p3_1588246177_FJbnSJ%2Bwy83mT%2BUo&guests=1&adults=1;4;2;2;1;The whole apartment in residential complex;150;Stelian;0;0;Brasov, Romania;4567588;2560899
Enjoy the silence;https://www.airbnb.com.ro/rooms/38347591?location=Brasov%2C%20Bra%C8%99ov%2C%20Ruman%C3%ADa&check_in=2020-07-04&check_out=2020-07-05&source_impression_id=p3_1588065347_oZD9hDSiGajqiFBn&guests=1&adults=1;4;1;1;1;Entire home;169;Anca;7;5.0;Brasov, Romania;4567604;2560313
Exclusive Accomodation;https://www.airbnb.com.ro/rooms/42045982?location=Brasov%2C%20Bra%C8%99ov%2C%20Ruman%C3%ADa&check_in=2020-07-04&check_out=2020-07-05&source_impression_id=p3_1588083885_G3zvYiHOvDNdzgyf&guests=1&adults=1;4;2;2;1;Entire home;200;Valentin;1;0;Brasov, Romania;4567424;2561299
First Class Apartament;https://www.airbnb.com.ro/rooms/42046694?location=Brasov%2C%20Bra%C8%99ov%2C%20Ruman%C3%ADa&check_in=2020-07-04&check_out=2020-07-05&source_impression_id=p3_1588235246_4e3AFGqsBPzc5JKd&guests=1&adults=1;4;2;2;1;Entire home;200;Valentina;0;0;Brasov, Romania;4567038;2561844
Five minutes to downtown Arthur Apartament;https://www.airbnb.com.ro/rooms/43233781?location=Brasov%2C%20Bra%C8%99ov%2C%20Ruman%C3%ADa&check_in=2020-07-04&check_out=2020-07-05&source_impression_id=p3_1588060834_GM76TuU%2F0wDYoYY0&guests=1&adults=1;2;1;1;1;Entire home;53;Augu;0;0;Brasov, Romania;4566193;2560528
Frenchie's Home Brasov;https://www.airbnb.com.ro/rooms/39512200?location=Brasov%2C%20Bra%C8%99ov%2C%20Ruman%C3%ADa&check_in=2020-07-04&check_out=2020-07-05&source_impression_id=p3_1588061863_iEoTqm89WK7dIhc2&guests=1&adults=1;2;1;1;1;Entire home;121;Mircea;2;0;Brasov, Romania;456428;2562128
Funky apartament;https://www.airbnb.com.ro/rooms/13228285?location=Brasov%2C%20Bra%C8%99ov%2C%20Ruman%C3%ADa&check_in=2020-07-04&check_out=2020-07-05&source_impression_id=p3_1588247156_tROBCFA2WcQ2LGwZ&guests=1&adults=1;4;2;3;1;The whole apartment in residential complex;194;Bianca;109;4.95;Brasov, Romania;4565085;255875
Gabriela's Cozy apartament;https://www.airbnb.com.ro/rooms/34383244?location=Brasov%2C%20Bra%C8%99ov%2C%20Ruman%C3%ADa&check_in=2020-07-04&check_out=2020-07-05&source_impression_id=p3_1588236791_9eq0phiaQUkSjcoX&guests=1&adults=1;4;2;2;2;Entire home;230;Gabriela;11;4.73;Brasov, Romania;4563684;2561816
Gemütliche Wohnung in Zentrum von Kronstadt;https://www.airbnb.com.ro/rooms/34859265?location=Brasov%2C%20Bra%C8%99ov%2C%20Ruman%C3%ADa&check_in=2020-07-04&check_out=2020-07-05&source_impression_id=p3_1588242978_8dZlla2OEOyOv1vI&guests=1&adults=1;3;1;3;1;Entire home;270;Andra;4;5.0;Brasov, Romania;4564318;2559105
George Enescu Guesthouse 1;https://www.airbnb.com.ro/rooms/39739220?location=Brasov%2C%20Bra%C8%99ov%2C%20Ruman%C3%ADa&check_in=2020-07-04&check_out=2020-07-05&source_impression_id=p3_1588234169_ZTbIvUWdl6eKedhy&guests=1&adults=1;2;1;1;1;Entire home;150;Radu;0;0;Brasov, Romania;4564298;2558976
Geppetto's;https://www.airbnb.com.ro/rooms/30495553?location=Brasov%2C%20Bra%C8%99ov%2C%20Ruman%C3%ADa&check_in=2020-07-04&check_out=2020-07-05&source_impression_id=p3_1588093714_ba09672i96i69d1z&guests=1&adults=1;2;1;1;1;Entire home;210;Lucian;13;5.0;Brasov, Romania;45655;25579
Green Lenses Apartament #1;https://www.airbnb.com.ro/rooms/39802132?location=Brasov%2C%20Bra%C8%99ov%2C%20Ruman%C3%ADa&check_in=2020-07-04&check_out=2020-07-05&source_impression_id=p3_1588242081_u0kAilaaBpkcFs24&guests=1&adults=1;6;2;3;1;Entire home;242;Horia;1;0;Brasov, Romania;4564301;2560119
Gya Residence;https://www.airbnb.com.ro/rooms/37683457?location=Brasov%2C%20Bra%C8%99ov%2C%20Ruman%C3%ADa&check_in=2020-07-04&check_out=2020-07-05&source_impression_id=p3_1588093664_nue8hRiuaCyDavX9&guests=1&adults=1;2;1;1;1;Entire home;130;Gyorffi;1;0;Brasov, Romania;4564215;2563461
Havana 1;https://www.airbnb.com.ro/rooms/36402693?location=Brasov%2C%20Bra%C8%99ov%2C%20Ruman%C3%ADa&check_in=2020-07-04&check_out=2020-07-05&source_impression_id=p3_1588146133_Kx6dZ8QRe8TyxGXy&guests=1&adults=1;2;1;1;1;Entire home;200;Daniel;14;5.0;Brasov, Romania;4564191;2559287
Helen House;https://www.airbnb.com.ro/rooms/42636882?location=Brasov%2C%20Bra%C8%99ov%2C%20Ruman%C3%ADa&check_in=2020-07-04&check_out=2020-07-05&source_impression_id=p3_1588158020_sJxY4NQKipsWzHgu;2;1;1;1;Entire home;150;Elena;0;0;Brasov, Romania;4564984;2561691
Holiday House SAFA Brasov;https://www.airbnb.com.ro/rooms/37212545?location=Brasov%2C%20Bra%C8%99ov%2C%20Ruman%C3%ADa&check_in=2020-07-04&check_out=2020-07-05&source_impression_id=p3_1588247065_nfKklBgi5NJAzs5Z&guests=1&adults=1;5;2;3;1;Entire home;433;Angela;10;5.0;Brasov, Romania;4567648;25651
Home A.D. Central Apartament 1 Room;https://www.airbnb.com.ro/rooms/37441448?location=Brasov%2C%20Bra%C8%99ov%2C%20Ruman%C3%ADa&check_in=2020-07-04&check_out=2020-07-05&source_impression_id=p3_1588161677_7lAYL%2BYOJryHMqCo;2;1;1;1;Private room in apartament;200;Alexadru;3;5.0;Brasov, Romania;4565206;2558463
Home of Memories;https://www.airbnb.com.ro/rooms/10145595?location=Brasov%2C%20Bra%C8%99ov%2C%20Ruman%C3%ADa&check_in=2020-07-04&check_out=2020-07-05&source_impression_id=p3_1588247272_PcJBRwXhJTtbMTVh&guests=1&adults=1;6;3;5;2;Entire home;281;Mariana & Sorin;126;4.97;Brasov, Romania;45652;25612
Hostel Boemia 4 shared dorm;https://www.airbnb.com.ro/rooms/7302896?location=Brasov%2C%20Bra%C8%99ov%2C%20Ruman%C3%ADa&check_in=2020-07-04&check_out=2020-07-05&source_impression_id=p3_1588147283_zELqQqCLX4n48mF0&guests=1&adults=1;1;1;0;3;Shared room in the apartment;68;Hostel Boemia;3;4.0;Brasov, Romania;45641;2558061
Hostel Boemia 8 shared dorm;https://www.airbnb.com.ro/rooms/3982720?location=Brasov%2C%20Bra%C8%99ov%2C%20Ruman%C3%ADa&check_in=2020-07-04&check_out=2020-07-05&source_impression_id=p3_1588159040_l%2FdA6Qg3niN0VUlb&guests=1&adults=1;8;1;0;1;Shared room in the apartment;58;Boemia;31;4.52;Brasov, Romania;45641;2558061
Huge Private ROOM in Brasov, Old Town Center;https://www.airbnb.com.ro/rooms/17600091?location=Brasov%2C%20Bra%C8%99ov%2C%20Ruman%C3%ADa&check_in=2020-07-04&check_out=2020-07-05&source_impression_id=p3_1588236665_IHBEhYuev1LSZ0Yv&guests=1&adults=1;2;1;1;1;Private room in apartament;156;Daniel;126;4.89;Brasov, Romania;45642;25594
Ilse's Apartament;https://www.airbnb.com.ro/rooms/20170524?location=Brasov%2C%20Bra%C8%99ov%2C%20Ruman%C3%ADa&check_in=2020-07-04&check_out=2020-07-05&source_impression_id=p3_1588162378_%2FcxfB46Gc6C%2Bw26L&guests=1&adults=1;4;1;2;1;Entire home;155;Csilla;112;4.96;Brasov, Romania;4564171;2559383
In The Heart of Brasov;https://www.airbnb.com.ro/rooms/39607146?location=Brasov%2C%20Bra%C8%99ov%2C%20Ruman%C3%ADa&check_in=2020-07-04&check_out=2020-07-05&source_impression_id=p3_1588245244_gFIdnQ0nLgXZTaEg&guests=1&adults=1;4;1;2;1;Entire home;550;Laura;5;4.60;Brasov, Romania;4563725;2558981
Infinity Cozy Apartament;https://www.airbnb.com.ro/rooms/42420875?location=Brasov%2C%20Bra%C8%99ov%2C%20Ruman%C3%ADa&check_in=2020-07-04&check_out=2020-07-05&source_impression_id=p3_1588246116_8nqwd56hHP7VVi9z&guests=1&adults=1;4;1;1;1;Entire home;350;George;0;0;Brasov, Romania;4564713;2559452
Intim Mountain City Apartament;https://www.airbnb.com.ro/rooms/22226003?location=Brasov%2C%20Bra%C8%99ov%2C%20Ruman%C3%ADa&check_in=2020-07-04&check_out=2020-07-05&source_impression_id=p3_1588084301_3hs9h0GVX%2FL92i7z&guests=1&adults=1;4;1;2;1;Entire home;258;Robert;14;5.0;Brasov, Romania;456365;2560855
IQ APART 1A - Brasov West;https://www.airbnb.com.ro/rooms/27772203?location=Brasov%2C%20Bra%C8%99ov%2C%20Ruman%C3%ADa&check_in=2020-07-04&check_out=2020-07-05&source_impression_id=p3_1588246235_I8S%2BMeyrdXzba5bj&guests=1&adults=1;4;1;2;1;Entire home;395;Iq;2;0;Brasov, Romania;4566577;2555739
IQ Apart 1B - Brasov West;https://www.airbnb.com.ro/rooms/32278308?location=Brasov%2C%20Bra%C8%99ov%2C%20Ruman%C3%ADa&check_in=2020-07-04&check_out=2020-07-05&source_impression_id=p3_1588081981_qjsvLmtw5T%2FH04k8&guests=1&adults=1;6;2;3;2;Entire home;320;Iq;11;4.64;Brasov, Romania;4566577;2555739
IQ Apart 2A - Brasov West;https://www.airbnb.com.ro/rooms/29247509?location=Brasov%2C%20Bra%C8%99ov%2C%20Ruman%C3%ADa&check_in=2020-07-04&check_out=2020-07-05&source_impression_id=p3_1588078046_Dx23ZkDJwUTQzuBk&guests=1&adults=1;4;1;2;1;Entire home;183;Iq;12;4.58;Brasov, Romania;4566655;25184013
IQ Apart 4A - Brasov West;https://www.airbnb.com.ro/rooms/29324422?location=Brasov%2C%20Bra%C8%99ov%2C%20Ruman%C3%ADa&check_in=2020-07-04&check_out=2020-07-05&source_impression_id=p3_1588242885_sgTjqvod8do60xO3&guests=1&adults=1;4;1;2;1;Entire home;395;Iq;12;5.0;Brasov, Romania;4566577;2555739
IQ Apart 5A - Brasov West;https://www.airbnb.com.ro/rooms/31977499?location=Brasov%2C%20Bra%C8%99ov%2C%20Ruman%C3%ADa&check_in=2020-07-04&check_out=2020-07-05&source_impression_id=p3_1588067858_Taqpxvq3cvJIeTST&guests=1&adults=1;2;1;1;1;Entire home;220;Iq;13;4.62;Brasov, Romania;4566577;2555739
IQ Apart 5B - Brasov West ;https://www.airbnb.com.ro/rooms/32354316?location=Brasov%2C%20Bra%C8%99ov%2C%20Ruman%C3%ADa&check_in=2020-07-04&check_out=2020-07-05&source_impression_id=p3_1588236581_gcgIl2hDrt%2B3I8Pn&guests=1&adults=1;2;1;1;1;Entire home;220;Iq;8;5.0;Brasov, Romania;456663;2555788
IQ Apart 5C - Brasov West;https://www.airbnb.com.ro/rooms/40534968?location=Brasov%2C%20Bra%C8%99ov%2C%20Ruman%C3%ADa&check_in=2020-07-04&check_out=2020-07-05&source_impression_id=p3_1588158532_U%2F5i9UAvXsN4ofl%2F&guests=1&adults=1;2;1;1;1;Entire home;200;Iq;0;0;Brasov, Romania;4566577;2555788
IQ Apart 8B - Brasov Season;https://www.airbnb.com.ro/rooms/38187661?location=Brasov%2C%20Bra%C8%99ov%2C%20Ruman%C3%ADa&check_in=2020-07-04&check_out=2020-07-05&source_impression_id=p3_1588245180_1oxYlq17l812fY3Y&guests=1&adults=1;2;1;1;1;Entire home;200;Iq;1;0;Brasov, Romania;4566541;2555891
IQ Apart 8C - Brasov Season;https://www.airbnb.com.ro/rooms/24890036?location=Brasov%2C%20Bra%C8%99ov%2C%20Ruman%C3%ADa&check_in=2020-07-04&check_out=2020-07-05&source_impression_id=p3_1588245916_RVJhD2xzQCDzulki&guests=1&adults=1;2;1;2;1;Entire home;395;Iq;2;0;Brasov, Romania;4566577;2555739
IQ Apart 8D - Brasov Season;https://www.airbnb.com.ro/rooms/38509321?location=Brasov%2C%20Bra%C8%99ov%2C%20Ruman%C3%ADa&check_in=2020-07-04&check_out=2020-07-05&source_impression_id=p3_1588240510_fStzWGh0kV7JQx8y&guests=1&adults=1;2;1;1;1;Entire home;200;Iq;1;0;Brasov, Romania;4566577;2555739
IQ HOSTEL BRASOV FOR ONE;https://www.airbnb.com.ro/rooms/30707424?location=Brasov%2C%20Bra%C8%99ov%2C%20Ruman%C3%ADa&check_in=2020-07-04&check_out=2020-07-05&source_impression_id=p3_1588227800_%2F8F0%2Bb%2BkxDSNQntn&guests=1&adults=1;1;1;6;1;Shared room in the apartment;66;Iq;13;4.92;Brasov, Romania;4566189;2560726
Jaky residence with terrace,Brasov;https://www.airbnb.com.ro/rooms/27145220?location=Brasov%2C%20Bra%C8%99ov%2C%20Ruman%C3%ADa&check_in=2020-07-04&check_out=2020-07-05&source_impression_id=p3_1588236998_y7KJuIzEfkzCOiEA&guests=1&adults=1;4;0;2;1;Entire home;130;Gyongyi;86;4.80;Brasov, Romania;45661;25584
Jassy Apartament;https://www.airbnb.com.ro/rooms/41988509?location=Brasov%2C%20Bra%C8%99ov%2C%20Ruman%C3%ADa&check_in=2020-07-04&check_out=2020-07-05&source_impression_id=p3_1588059475_p8UbT5KlMmLB5Lgl;1;1;1;1;Entire home;119;Alina;2;5.0;Brasov, Romania;45644;2562087
Junip Apartament Brasov;https://www.airbnb.com/rooms/42582666?location=Brasov&check_in=2020-07-10&check_out=2020-07-11&previous_page_section_name=1000&federated_search_id=3ea7763b-0b08-4fe4-8f0e-0bb1e99b2661;4;2;2;1;Entire home;295;Gabriela;1;;Brasov, Romania;4564426;2558065
Kostas Apart Brasov,;https://www.airbnb.com.ro/rooms/40574210?location=Brasov%2C%20Bra%C8%99ov%2C%20Ruman%C3%ADa&check_in=2020-07-04&check_out=2020-07-05&source_impression_id=p3_1588242785_bzV4b144%2B6tMZxvq;4;2;2;2;The whole apartment in residential complex;250;Kostas;7;4.86;Brasov, Romania;4.566.307;2555717
Kronhaus Rooftop Suite w/ Parking & Gym;https://www.airbnb.com.ro/rooms/21304464?location=Brasov%2C%20Bra%C8%99ov%2C%20Ruman%C3%ADa&check_in=2020-07-04&check_out=2020-07-05&source_impression_id=p3_1588245618_0yfdBRm2UNNWA5Eq&guests=1&adults=1;3;2;2;2;Private room in apartament;245;Serban;9;4.88;Brasov, Romania;4564334;2559305
Kronstadt Sunny Days Apartament;https://www.airbnb.com.ro/rooms/21304464?location=Brasov%2C%20Bra%C8%99ov%2C%20Ruman%C3%ADa&check_in=2020-07-04&check_out=2020-07-05&source_impression_id=p3_1588245618_0yfdBRm2UNNWA5Eq&guests=1&adults=1;4;1;2;1;Entire home;191;Georgiana Minerva;8;5.0;Brasov, Romania;4566493;2559305
Kronstadt Sunny Days 1;https://www.airbnb.com/rooms/41223332?location=Brasov&check_in=2020-07-10&check_out=2020-07-11&source_impression_id=p3_1588003434_ytCEuIiWj9AenMP%2F&guests=1&adults=1;2;1;1;1;Entire home;82;Georgiana Minerva;1;0;Brasov, Romania;4566493;2559305
La Boheme 1;https://www.airbnb.com.ro/rooms/40795787?location=Brasov%2C%20Bra%C8%99ov%2C%20Ruman%C3%ADa&check_in=2020-07-04&check_out=2020-07-05&source_impression_id=p3_1588082962_sDF%2Fz1VPOdAb0OBX&guests=1&adults=1;3;1;2;1;Entire home;200;Oana;0;0;Brasov, Romania;4564423;2559162
La Magaru ' Cocosat;https://www.airbnb.com.ro/rooms/32686231?location=Brasov%2C%20Bra%C8%99ov%2C%20Ruman%C3%ADa&check_in=2020-07-04&check_out=2020-07-05&source_impression_id=p3_1588084030_u23kL%2FvymeQBHSGK&guests=1&adults=1;7;3;3;1;Entire home;120;Felix;34;4.79;Brasov, Romania;45632;25486
LAVANDER BRASOV in the historical centru;https://www.airbnb.com.ro/rooms/36176709?location=Brasov%2C%20Bra%C8%99ov%2C%20Ruman%C3%ADa&check_in=2020-07-04&check_out=2020-07-05&source_impression_id=p3_1588242488_ApXF2VldHqLF1O0E&guests=1&adults=1;5;1;2;1;Entire home;350;Laura;30;4.97;Brasov, Romania;4563666;2558091
Leo 1 Center;https://www.airbnb.com.ro/rooms/43090908?location=Brasov%2C Bra?ov%2C Rumanía&check_in=2020-07-04&check_out=2020-07-05&previous_page_section_name=1000&federated_search_id=db6b2f54-1ea2-4562-9720-c60176361bc5;2;1;1;1;Entire home;120;Andy;0;0;Brasov, Romania;4565231;255859
Lil Apartament - Perfect for families or groups.;https://www.airbnb.com.ro/rooms/42735217?location=Brasov%2C%20Bra%C8%99ov%2C%20Ruman%C3%ADa&check_in=2020-07-04&check_out=2020-07-05&source_impression_id=p3_1588246568_V7HR4b7sL%2BYdps6Q&guests=1&adults=1;6;2;3;2;Entire home;300;Claudiu;76;4.88;Brasov, Romania;4566899;2561686
Liliana Apartaments;https://www.airbnb.com.ro/rooms/42583029?location=Brasov%2C%20Bra%C8%99ov%2C%20Ruman%C3%ADa&check_in=2020-07-04&check_out=2020-07-05&previous_page_section_name=1000&federated_search_id=6f758d0c-f138-4e96-890b-bf9955b84e27;4;2;2;1;Entire home;200;Gabriela;0;0;Brasov, Romania;4565669;2559111
Little Art House;https://www.airbnb.com.ro/rooms/40171967?location=Brasov%2C%20Bra%C8%99ov%2C%20Ruman%C3%ADa&check_in=2020-07-04&check_out=2020-07-05&source_impression_id=p3_1588246980_ERe50bx09K6Hjshe&guests=1&adults=1;4;1;2;1;Entire home;170;Katinka;3;5.0;Brasov, Romania;45614;25662
Little Emma's Place;https://www.airbnb.com.ro/rooms/38069205?location=Brasov%2C%20Bra%C8%99ov%2C%20Ruman%C3%ADa&check_in=2020-07-04&check_out=2020-07-05&source_impression_id=p3_1588161581_thpGLMILt0mnYQsM&guests=1&adults=1;4;1;2;1;Entire home;170;Csilla;21;5.0;Brasov, Romania;4564338;2559282
Little Hill House;https://www.airbnb.com.ro/rooms/39577726?location=Brasov%2C%20Bra%C8%99ov%2C%20Ruman%C3%ADa&check_in=2020-07-04&check_out=2020-07-05&previous_page_section_name=1000&federated_search_id=c7d33d29-b501-4711-a4c2-bb3e2d216c43;4;2;2;1;Entire home;240;Cojocaru;0;0;Brasov, Romania;4565266;255893
Liviu's Apartament;https://www.airbnb.com.ro/rooms/27134562?location=Brasov%2C%20Bra%C8%99ov%2C%20Ruman%C3%ADa&check_in=2020-07-04&check_out=2020-07-05&source_impression_id=p3_1588065490_AKGK00o5k3ValNvJ&guests=1&adults=1;6;2;3;1;Entire home;200;Lviu;37;5.0;Brasov, Romania;4563805;2562457
Lore's place;https://www.airbnb.com.ro/rooms/33160301?location=Brasov%2C%20Bra%C8%99ov%2C%20Ruman%C3%ADa&check_in=2020-07-04&check_out=2020-07-05&source_impression_id=p3_1588247232_xU44C5ALGxV0UUtM&guests=1&adults=1;4;1;2;1;Entire home;200;Loredana;42;4.33;Brasov, Romania;4564936;2560704
Lovely Apartament in Piata Sfatului;https://www.airbnb.com.ro/rooms/40561601?location=Brasov%2C%20Bra%C8%99ov%2C%20Ruman%C3%ADa&check_in=2020-07-04&check_out=2020-07-05&source_impression_id=p3_1588245520_M9PMoUS%2Bx9b80zaq&guests=1&adults=1;4;1;2;1;Entire home;169;Roberta Giulia;6;3.50;Brasov, Romania;4564224;2558848
Lovely Old Town Flat with Terrace & Mountain View;https://www.airbnb.com.ro/rooms/28322797?location=Brasov%2C%20Bra%C8%99ov%2C%20Ruman%C3%ADa&check_in=2020-07-04&check_out=2020-07-05&source_impression_id=p3_1588233799_xxsgwgxMri09Jpnc&guests=1&adults=1;4;1;1;1;Entire home;335;Andrei;33;4.91;Brasov, Romania;4564132;2559501
Lovely 1 near to centre perfect for couples.;https://www.airbnb.com/rooms/30638401?location=Brasov&check_in=2020-07-10&check_out=2020-07-11&previous_page_section_name=1000&federated_search_id=3ea7763b-0b08-4fe4-8f0e-0bb1e99b2661;2;1;1;1;Entire home;110;Andreea;137;4.72;Brasov, Romania;4564576;2559794
Lucky 1 for 5 people;https://www.airbnb.com.ro/rooms/26144183?location=Brasov%2C%20Bra%C8%99ov%2C%20Ruman%C3%ADa&check_in=2020-07-04&check_out=2020-07-05&source_impression_id=p3_1588246710_ELgitrDkT30CF7Z%2B&guests=1&adults=1;3;1;2;1;Entire home;242;Iulia;1;0;Brasov, Romania;4564861;2558308
Luky 12 cozy 1 on main pedestrian street;https://www.airbnb.com.ro/rooms/24206337?location=Brasov%2C%20Bra%C8%99ov%2C%20Ruman%C3%ADa&check_in=2020-07-04&check_out=2020-07-05&source_impression_id=p3_1588147513_0b26QGYCBUL%2F%2FYYE&guests=1&adults=1;2;1;1;1;Entire home;165;George;44;4.70;Brasov, Romania;4564414;2559326
Luky 13 cozy 1 on main pedestrian street;https://www.airbnb.com.ro/rooms/28906378?location=Brasov%2C%20Bra%C8%99ov%2C%20Ruman%C3%ADa&check_in=2020-07-04&check_out=2020-07-05&source_impression_id=p3_1588140776_5wxWpVJzeF5hLCYd&guests=1&adults=1;2;1;1;1;Entire home;160;George;43;4.84;Brasov, Romania;4564414;2559326
Luky 9 near by central historical town;https://www.airbnb.com.ro/rooms/31344987?location=Brasov%2C%20Bra%C8%99ov%2C%20Ruman%C3%ADa&check_in=2020-07-04&check_out=2020-07-05&source_impression_id=p3_1588065254_RVDyXWIs4nxICfV%2B&guests=1&adults=1;2;1;1;1;Entire home;170;George;9;4.89;Brasov, Romania;4564392;2559659
Luna Apartament -   1;https://www.airbnb.com.ro/rooms/39715078?location=Brasov%2C%20Bra%C8%99ov%2C%20Ruman%C3%ADa&check_in=2020-07-04&check_out=2020-07-05&source_impression_id=p3_1588160865_tubDf3R%2FrCZGYpAr&guests=1&adults=1;4;1;2;2;Private room in apartament;99;Bianca&Robert;5;4.60;Brasov, Romania;4563282;2560496
Luna apartament -  2;https://www.airbnb.com.ro/rooms/39733710?location=Brasov%2C%20Bra%C8%99ov%2C%20Ruman%C3%ADa&check_in=2020-07-04&check_out=2020-07-05&source_impression_id=p3_1588158467_lDRbfWg2PdQLFgHN&guests=1&adults=1;2;1;1;1;Entire home;99;Bianca&Robert;4;3.75;Brasov, Romania;4563282;2560496
Luna apartament -  4;https://www.airbnb.com.ro/rooms/39851388?location=Brasov%2C%20Bra%C8%99ov%2C%20Ruman%C3%ADa&check_in=2020-07-04&check_out=2020-07-05&source_impression_id=p3_1588147006_hM8%2B9D6W2pqFidMd&guests=1&adults=1;2;1;1;2;Entire home;99;Bianca&Robert;10;4.90;Brasov, Romania;4563282;2560496
Luna entier Apartament ;https://www.airbnb.com.ro/rooms/42470469?location=Brasov%2C%20Bra%C8%99ov%2C%20Ruman%C3%ADa&check_in=2020-07-04&check_out=2020-07-05&source_impression_id=p3_1588083942_R4bxDhGI9FhyUh%2Fa&guests=1&adults=1;10;4;5;2;Entire home;470;Bianca&Robert;0;0;Brasov, Romania;4563282;2560496
Luxury Paul apartament green, private& accessible;https://www.airbnb.com.ro/rooms/35444873?location=Brasov%2C%20Bra%C8%99ov%2C%20Ruman%C3%ADa&check_in=2020-07-04&check_out=2020-07-05&source_impression_id=p3_1588084497_QuN25OSoSaFahLgS&guests=1&adults=1;5;3;3;1;Entire home;285;Radu;36;4.89;Brasov, Romania;45638;25635
LUXUXY CHARM;https://www.airbnb.com.ro/rooms/42449708?location=Brasov%2C%20Bra%C8%99ov%2C%20Ruman%C3%ADa&check_in=2020-07-04&check_out=2020-07-05&source_impression_id=p3_1588077987_tMW%2BSCOKL0E1tHyM&guests=1&adults=1;4;1;2;1;Entire home;230;Teodor;0;0;Brasov, Romania;4567568;2560881
M&C Ana 1;https://www.airbnb.com.ro/rooms/40820543?location=Brasov%2C%20Bra%C8%99ov%2C%20Ruman%C3%ADa&check_in=2020-07-04&check_out=2020-07-05&source_impression_id=p3_1588093631_AwTuC7Tvox3gBgBg;2;1;1;1;Entire home;150;Ciprian;2;0;Brasov, Romania;4567799;2561105
M&F APARTAMENT;https://www.airbnb.com/rooms/20531303?location=Brasov&check_in=2020-07-10&check_out=2020-07-11&previous_page_section_name=1000&federated_search_id=3ea7763b-0b08-4fe4-8f0e-0bb1e99b2661;6;2;2;1;Entire home;227;Petrescu;239;4.93;Brasov, Romania;4563007;2560334
M&F APARTAMENT JEPILOR;https://www.airbnb.com.ro/rooms/21480817?location=Brasov%2C%20Bra%C8%99ov%2C%20Ruman%C3%ADa&check_in=2020-07-04&check_out=2020-07-05&source_impression_id=p3_1588066704_JJ12QBVoYyjA2aaH&guests=1&adults=1;6;2;3;1;Entire home;97;Petrescu;43;4.88;Brasov, Romania;4563007;2560334
MEI- Your home when travelling around the world;https://www.airbnb.com.ro/rooms/32396967?location=Brasov%2C%20Bra%C8%99ov%2C%20Ruman%C3%ADa&check_in=2020-07-04&check_out=2020-07-05&source_impression_id=p3_1588162319_1ztfyt%2BmZCO7PEuH&guests=1&adults=1;4;1;2;1;Entire home;201;Vali;13;5.0;Brasov, Romania;45671;25615
MER guest house B&B;https://www.airbnb.com/rooms/41375731?location=Brasov&check_in=2020-07-10&check_out=2020-07-11&previous_page_section_name=1000&federated_search_id=3ea7763b-0b08-4fe4-8f0e-0bb1e99b2661;16;8;8;7;Entire home;450;Radu;0;;Brasov, Romania;4564223;2557785
Middle 1 - BB House;https://www.airbnb.com.ro/rooms/37981462?location=Brasov%2C%20Bra%C8%99ov%2C%20Ruman%C3%ADa&check_in=2020-07-04&check_out=2020-07-05&source_impression_id=p3_1588227766_rSQiTEc4ahsEK%2Fgy&guests=1&adults=1;3;1;1;1;Entire home;250;Bb;0;0;Brasov, Romania;456566;2558522
Modern and Elegant Apartament in the Old Town;https://www.airbnb.com.ro/rooms/42150457?location=Brasov%2C%20Bra%C8%99ov%2C%20Ruman%C3%ADa&check_in=2020-07-04&check_out=2020-07-05&source_impression_id=p3_1588228063_fZUWV7wOjtu5767S&guests=1&adults=1;4;2;2;1;Entire home;250;Bb;2;0;Brasov, Romania;4564602;2559391
Modern Cityscape Views from a Sleek Balcony Home;https://www.airbnb.com.ro/rooms/plus/33992666?location=Brasov%2C%20Bra%C8%99ov%2C%20Ruman%C3%ADa&check_in=2020-07-04&check_out=2020-07-05&source_impression_id=p3_1588061390_F1QkdR4rC8ap5nVV&guests=1&adults=1;4;1;2;1;Entire home;509;Felix;73;5.0;Brasov, Romania;4566996;2561895
Modern Scandinavian Style 1;https://www.airbnb.com.ro/rooms/42602325?location=Brasov%2C%20Bra%C8%99ov%2C%20Ruman%C3%ADa&check_in=2020-07-04&check_out=2020-07-05&source_impression_id=p3_1588146925_peZk8XUw4uy0LClN&guests=1&adults=1;4;1;1;1;The whole apartment in residential complex;200;Bb;1;0;Brasov, Romania;4566925;2561952
Modern 1 2;https://www.airbnb.com.ro/rooms/41906045?location=Brasov%2C%20Bra%C8%99ov%2C%20Ruman%C3%ADa&check_in=2020-07-04&check_out=2020-07-05&source_impression_id=p3_1588237194_WJL6GOLmUbKWq%2Bk0&guests=1&adults=1;4;1;2;1;Entire home;187;Gabriela;13;5.0;Brasov, Romania;456690601;255639293
Much better than in picture;https://www.airbnb.com.ro/rooms/3098344?location=Brasov%2C%20Bra%C8%99ov%2C%20Ruman%C3%ADa&check_in=2020-07-04&check_out=2020-07-05&source_impression_id=p3_1588066528_XzAMQRxO%2FJWgTpcQ&guests=1&adults=1;14;4;7;3;Entire home;1.170;Andrei;25;4.84;Brasov, Romania;45644;25589
Musical Experience in the Center of Old Town;https://www.airbnb.com.ro/rooms/42044963?location=Brasov%2C%20Bra%C8%99ov%2C%20Ruman%C3%ADa&check_in=2020-07-04&check_out=2020-07-05&source_impression_id=p3_1588235096_zGC%2FO0m1ODkBWd%2FA&guests=1&adults=1;5;3;3;1;Entire home;300;Bb;0;0;Brasov, Romania;4564409;2558866
neben schwarze Kirche Kronstadt;https://www.airbnb.com.ro/rooms/6420185?location=Brasov%2C%20Bra%C8%99ov%2C%20Ruman%C3%ADa&check_in=2020-07-04&check_out=2020-07-05&source_impression_id=p3_1588147181_PCIdz%2F4qPAOFirEW&guests=1&adults=1;2;1;2;1;Entire home;73;Ioan;0;0;Brasov, Romania;4563985;255866
New Luxury-Charming-Center Apartament;https://www.airbnb.com.ro/rooms/22484426?location=Brasov%2C%20Bra%C8%99ov%2C%20Ruman%C3%ADa&check_in=2020-07-04&check_out=2020-07-05&source_impression_id=p3_1588066634_gSA8bbqO8Asq0qtR&guests=1&adults=1;5;1;3;1;Entire home;208;Alexandra;40;4.79;Brasov, Romania;45651;25615
Nice and spacious apartament in the city center;https://www.airbnb.com.ro/rooms/43283978?location=Brasov%2C%20Bra%C8%99ov%2C%20Ruman%C3%ADa&check_in=2020-07-04&check_out=2020-07-05&source_impression_id=p3_1588065036_VWGLRaIcgcltF%2BM7&guests=1&adults=1;4;1;1;1;The whole apartment in residential complex;176;Bb;0;0;Brasov, Romania;4565177;2558923
Nice and spacious apartament in the city center;https://www.airbnb.com.ro/rooms/35739743?location=Brasov%2C%20Bra%C8%99ov%2C%20Ruman%C3%ADa&check_in=2020-07-04&check_out=2020-07-05&source_impression_id=p3_1588158385_0L7YCYJr2pbL%2BYCh&guests=1&adults=1;2;1;1;1;Entire home;190;Bogdan;30;5.0;Brasov, Romania;4564043;2558784
Old City Center Lux with private parking;https://www.airbnb.com.ro/rooms/32863174?location=Brasov%2C%20Bra%C8%99ov%2C%20Ruman%C3%ADa&check_in=2020-07-04&check_out=2020-07-05&source_impression_id=p3_1588142242_JlYV2TxSBUTkeob8;2;1;1;1;Entire home;175;Bogdan;41;4.95;Brasov, Romania;4564658;2560306
Onur BOSH;https://www.airbnb.com.ro/rooms/39561687?location=Brasov%2C%20Bra%C8%99ov%2C%20Ruman%C3%ADa&check_in=2020-07-04&check_out=2020-07-05&source_impression_id=p3_1588084088_HJ3kyeztL9dwTsui&guests=1&adults=1;3;1;1;1;Entire home;111;Link;0;;Brasov, Romania;4564287;2559081
Onur BUSH;https://www.airbnb.com.ro/rooms/39561687?location=Brasov%2C Bra?ov%2C Rumanía&check_in=2020-07-04&check_out=2020-07-05&source_impression_id=p3_1588084205_EH3qTzb%2BWsYfxZLM&guests=1&adults=1;3;1;1;1;Entire home;111;Link;0;;Brasov, Romania;4564287;2559081
Orange Room Coroni Residence;https://www.airbnb.com.ro/rooms/26219960?location=Brasov%2C%20Bra%C8%99ov%2C%20Ruman%C3%ADa&check_in=2020-07-04&check_out=2020-07-05&source_impression_id=p3_1588144308_E7Y3IDnSsPmqi7uR;2;1;2;1;Entire home;100;Codrin;0;0;Brasov, Romania;4565748;25573
Panoramic Center Apt. BV;https://www.airbnb.com.ro/rooms/38797004?location=Brasov%2C%20Bra%C8%99ov%2C%20Ruman%C3%ADa&check_in=2020-07-04&check_out=2020-07-05&source_impression_id=p3_1588162503_q2DJpfSP%2F856VIgY&guests=1&adults=1;4;1;2;1;Entire home;188;Ben;3;5.0;Brasov, Romania;4566403;255835
Popa Apartament Brasov;https://www.airbnb.com.ro/rooms/30886215?location=Brasov%2C%20Bra%C8%99ov%2C%20Ruman%C3%ADa&check_in=2020-07-04&check_out=2020-07-05&source_impression_id=p3_1588066904_fB0lImuklnXVj8J%2B&guests=1&adults=1;3;1;1;1;Entire home;150;Popa;64;4.92;Brasov, Romania;2561299;25609
Popasu apartment -  1;https://www.airbnb.com/rooms/42571775?location=Brasov&check_in=2020-07-10&check_out=2020-07-11&previous_page_section_name=1000&federated_search_id=3ea7763b-0b08-4fe4-8f0e-0bb1e99b2661;4;1;1;1;Entire home;101;Blanca&Robert;1;0;Brasov, Romania;456735;2560999
Popasu apartment -  2;https://www.airbnb.com.ro/rooms/42582565?location=Brasov%2C%20Bra%C8%99ov%2C%20Ruman%C3%ADa&check_in=2020-07-04&check_out=2020-07-05&source_impression_id=p3_1588065728_G5WmoWn%2BxcA1EaEJ&guests=1&adults=1;2;1;1;1; Check-in apartament;99;Bianca&Robert;4;4.90;Brasov, Romania;456735;2560999
Postavarului's Vintage Suite;https://www.airbnb.com.ro/rooms/37765945?location=Brasov%2C%20Bra%C8%99ov%2C%20Ruman%C3%ADa&check_in=2020-07-04&check_out=2020-07-05&source_impression_id=p3_1588240443_ppE%2FV1m%2FVxTilCZB&guests=1&adults=1;4;2;2;1;Entire home;242;Mihaela;1;0;Brasov, Romania;4564203;2559277
Private Romantic   near City Center;https://www.airbnb.com.ro/rooms/20810908?location=Brasov%2C%20Bra%C8%99ov%2C%20Ruman%C3%ADa&check_in=2020-07-04&check_out=2020-07-05&source_impression_id=p3_1588158656_tIAIeezrFUpl%2BU3L&guests=1&adults=1;2;1;1;1;Private room in apartament;119;Dana;28;4.96;Brasov, Romania;4565173;2560658
Quiboo#2;https://www.airbnb.com/rooms/30162418?location=Brasov%2C%20Bra%C8%99ov%2C%20Ruman%C3%ADa&check_in=2020-07-04&check_out=2020-07-05&source_impression_id=p3_1588059183_I4wsN3V3MKHiwTe5&guests=1&adults=1;3;1;1;1;Entire home;487;Quiboo;9;5.0;Brasov, Romania;-;-
Quiboo#3;https://www.airbnb.com.ro/rooms/37355984?location=Brasov%2C%20Bra%C8%99ov%2C%20Ruman%C3%ADa&check_in=2020-07-04&check_out=2020-07-05&source_impression_id=p3_1588061285_Cwh9bAV84BDZypgC&guests=1&adults=1;2;1;1;1;Entire home;178;Quiboo;12;5.0;Brasov, Romania;-;-
Quiet and relaxing place in Brasov ;https://www.airbnb.com.ro/rooms/29779918?location=Brasov%2C%20Bra%C8%99ov%2C%20Ruman%C3%ADa&check_in=2020-07-04&check_out=2020-07-05&source_impression_id=p3_1588146047_XkgmNlxsCL19opMJ&guests=1&adults=1;2;1;1;1;Entire home;114;Bogdan;22;4.91;Brasov, Romania;456695;2560877
Quiet, Elegant and Spacious Apartament;https://www.airbnb.com.ro/rooms/42807136?location=Brasov%2C%20Bra%C8%99ov%2C%20Ruman%C3%ADa&check_in=2020-07-04&check_out=2020-07-05&previous_page_section_name=1000&federated_search_id=bf100a63-c794-4aef-8076-b42febcfd0de;4;1;3;1;The whole apartment in residential complex;220;Bb;0;0;Brasov, Romania;4566692;2555908
Rafila Apartament;https://www.airbnb.com.ro/rooms/21903728?location=Brasov%2C%20Bra%C8%99ov%2C%20Ruman%C3%ADa&check_in=2020-07-04&check_out=2020-07-05&source_impression_id=p3_1588084251_TQ7V06K2oKdyJ%2BJ5&guests=1&adults=1;4;2;2;1;Entire home;237;Dan;4;4.75;Brasov, Romania;4566625;2556105
Regim_Hotelier_Brasov OAA;https://www.airbnb.com.ro/rooms/41096626?location=Brasov%2C%20Bra%C8%99ov%2C%20Ruman%C3%ADa&check_in=2020-07-04&check_out=2020-07-05&source_impression_id=p3_1588245418_uwHGa5umpvCe0ttF&guests=1&adults=1;4;1;2;1;Entire home;300;Oprica;0;0;Brasov, Romania;4565291;2562019
Relaxing and luxurious place;https://www.airbnb.com.ro/rooms/39476990?location=Brasov%2C%20Bra%C8%99ov%2C%20Ruman%C3%ADa&check_in=2020-07-04&check_out=2020-07-05&source_impression_id=p3_1588084153_2c8iiKdevz5EMTP8&guests=1&adults=1;5;3;3;1;Entire home;350;Gabi;3;5.0;Brasov, Romania;4566438;2555872
Republicii Apartament in Historical Center;https://www.airbnb.com.ro/rooms/18491494?location=Brasov%2C%20Bra%C8%99ov%2C%20Ruman%C3%ADa&check_in=2020-07-04&check_out=2020-07-05&source_impression_id=p3_1588158084_NgsgDlbeyT7aeRoU&guests=1&adults=1;2;1;1;1;Entire home;140;Rodica;12;4.58;Brasov, Romania;4564343;255934
REPUBLICII RESIDENCE APARTAMENT;https://www.airbnb.com.ro/rooms/34697683?location=Brasov%2C%20Bra%C8%99ov%2C%20Ruman%C3%ADa&check_in=2020-07-04&check_out=2020-07-05&source_impression_id=p3_1588094066_WWLoJ%2FH7iuP5DFCD&guests=1&adults=1;4;2;2;1;Entire home;200;Cristina&Cristian;11;4.91;Brasov, Romania;45644;25593
REPUBLICII RESIDENCE BLUE ROOM;https://www.airbnb.com.ro/rooms/34728428?location=Brasov%2C%20Bra%C8%99ov%2C%20Ruman%C3%ADa&check_in=2020-07-04&check_out=2020-07-05&source_impression_id=p3_1588158845_D0GAFiMeAO5KIjRD&guests=1&adults=1;2;1;1;1;Entire home;180;Cristina&Cristian;15;4.93;Brasov, Romania;45644;25593
REPUBLICII RESIDENCE DELUXE;https://www.airbnb.com.ro/rooms/34666288?location=Brasov%2C%20Bra%C8%99ov%2C%20Ruman%C3%ADa&check_in=2020-07-04&check_out=2020-07-05&source_impression_id=p3_1588081913_WDFp74DJdfmIKQet&guests=1&adults=1;4;2;2;1;Entire home;220;Cristina&Cristian;10;4.80;Brasov, Romania;45644;25593
REPUBLICII RESIDENCE PURPLE ROOM;https://www.airbnb.com.ro/rooms/34729022?location=Brasov%2C%20Bra%C8%99ov%2C%20Ruman%C3%ADa&check_in=2020-07-04&check_out=2020-07-05&source_impression_id=p3_1588162584_7iJQ7mLfBYKNCTPK&guests=1&adults=1;2;1;1;1;Entire home;175;Cristina&Cristian;15;4.93;Brasov, Romania;45644;25593
Republicii Rustic Apartament -in heart of old town;https://www.airbnb.com.ro/rooms/30458316?location=Brasov%2C%20Bra%C8%99ov%2C%20Ruman%C3%ADa&check_in=2020-07-04&check_out=2020-07-05&source_impression_id=p3_1588230454_05LNbR6tlChNxt6K&guests=1&adults=1;3;1;2;1;Entire home;240;Bogdan;14;5.0;Brasov, Romania;4564281;2559182
Residence Cina;https://www.airbnb.com.ro/rooms/36798969?location=Brasov%2C%20Bra%C8%99ov%2C%20Ruman%C3%ADa&check_in=2020-07-04&check_out=2020-07-05&source_impression_id=p3_1588244573_uw8AJYTrStKg2sxv&guests=1&adults=1;4;2;2;2;Private room in apartament;400;Florin Nicolae;1;0;Brasov, Romania;4564579;2559699
RIMI's flat;https://www.airbnb.com.ro/rooms/41906045?location=Brasov%2C%20Bra%C8%99ov%2C%20Ruman%C3%ADa&check_in=2020-07-04&check_out=2020-07-05&source_impression_id=p3_1588237194_WJL6GOLmUbKWq%2Bk0&guests=1&adults=1;6;1;3;1;Entire home;230;Anastasia;0;0;Brasov, Romania;45644;25592
Roma Resident;https://www.airbnb.com.ro/rooms/42552749?location=Brasov%2C%20Bra%C8%99ov%2C%20Ruman%C3%ADa&check_in=2020-07-04&check_out=2020-07-05&source_impression_id=p3_1588065407_ospP%2BPxStaQJi%2FVx&guests=1&adults=1;3;1;4;1;Entire home;150;Ovidiu;1;0;Brasov, Romania;4565123;2559771
Romantic Apartament near City Central;https://www.airbnb.com.ro/rooms/20230674?location=Brasov%2C%20Bra%C8%99ov%2C%20Ruman%C3%ADa&check_in=2020-07-04&check_out=2020-07-05&source_impression_id=p3_1588232524_T8%2BdB0SXDp2%2FpIOy;6;2;3;1;Entire home;159;Dana;48;4.88;Brasov, Romania;456524;2560895
Romantic Fireplace 1;https://www.airbnb.com.ro/rooms/32867905?location=Brasov%2C%20Bra%C8%99ov%2C%20Ruman%C3%ADa&check_in=2020-07-04&check_out=2020-07-05&source_impression_id=p3_1588234049_PoqBGJsBUD8MNNXp&guests=1&adults=1;4;1;2;1;Entire home;230;Iulia;17;4.88;Brasov, Romania;4564388;2560167
"""ROOM 21"" Rare Chromatherapy Relaxation Gem!";https://www.airbnb.com/rooms/39402434?location=Brasov&check_in=2020-07-10&check_out=2020-07-11&previous_page_section_name=1000&federated_search_id=3ea7763b-0b08-4fe4-8f0e-0bb1e99b2661;2;1;1;1;Entire home;195;Tudor;40;;Brasov, Romania;4564108;2559251
Seasons-Top of the city;https://www.airbnb.com/rooms/40988311?location=Brasov&check_in=2020-07-10&check_out=2020-07-11&previous_page_section_name=1000&federated_search_id=3ea7763b-0b08-4fe4-8f0e-0bb1e99b2661;2;1;1;1;Entire home;500;Vlad;1;0;Brasov, Romania;4563737;2556348
Secret boutique hostel;https://www.airbnb.com.ro/rooms/42561554?location=Brasov%2C%20Bra%C8%99ov%2C%20Ruman%C3%ADa&check_in=2020-07-04&check_out=2020-07-05&source_impression_id=p3_1588158932_%2FJAmQTp3mAJEtLpK&guests=1&adults=1;8;1;14;1;Shared room in the apartment;73;Anca;1;0;Brasov, Romania;4564075;2558988
Sierra Apartament;https://www.airbnb.com.ro/rooms/14207704?location=Brasov%2C%20Bra%C8%99ov%2C%20Ruman%C3%ADa&check_in=2020-07-04&check_out=2020-07-05&previous_page_section_name=1000&federated_search_id=e1b36ccc-71a5-462d-a527-d5950af88034;5;1;3;1;Entire home;237;Sierra-Northstar;1;0;Brasov, Romania;456353913;255788552
Single Room in a Cozy House with Mountain scenary;https://www.airbnb.com.ro/rooms/41641927?location=Brasov%2C%20Bra%C8%99ov%2C%20Ruman%C3%ADa&check_in=2020-07-04&check_out=2020-07-05&source_impression_id=p3_1588146342_pdPDkpbq0rhOCytT&guests=1&adults=1;1;1;1;1;Entire home;79;David;3;5.0;Brasov, Romania;45618;25657
Smile 1;https://www.airbnb.com.ro/rooms/39863662?location=Brasov%2C%20Bra%C8%99ov%2C%20Ruman%C3%ADa&check_in=2020-07-04&check_out=2020-07-05&source_impression_id=p3_1588228804_U6VzWfxhY5ipBNx%2F&guests=1&adults=1;3;1;2;1;Entire home;131;Alex;15;5.0;Brasov, Romania;45638;25581
SPA 1 in Old Town;https://www.airbnb.com.ro/rooms/16414281?location=Brasov%2C%20Bra%C8%99ov%2C%20Ruman%C3%ADa&check_in=2020-07-04&check_out=2020-07-05&source_impression_id=p3_1588242629_%2BWDms6YwsBTcMbNT;4;1;2;1;Private room in apartament;232;Vlad;4;4.0;Brasov, Romania;45644791;25589811
Spacious and Quiet Apartament;https://www.airbnb.com.ro/rooms/39607146?location=Brasov%2C%20Bra%C8%99ov%2C%20Ruman%C3%ADa&check_in=2020-07-04&check_out=2020-07-05&source_impression_id=p3_1588245244_gFIdnQ0nLgXZTaEg&guests=1&adults=1;4;1;3;1;The whole apartment in residential complex;220;Bb;0;0;Brasov, Romania;4566485;2555916
Spacious 1 in the center! Everything nearby;https://www.airbnb.com.ro/rooms/34214315?location=Brasov%2C%20Bra%C8%99ov%2C%20Ruman%C3%ADa&check_in=2020-07-04&check_out=2020-07-05&source_impression_id=p3_1588081303_rJSiRP0nfP8L0X%2FR&guests=1&adults=1;4;1;2;1;Entire home;200;Mihai;55;4.96;Brasov, Romania;45643;25589
StayPlay;https://www.airbnb.com.ro/rooms/33850475?location=Brasov%2C%20Bra%C8%99ov%2C%20Ruman%C3%ADa&check_in=2020-07-04&check_out=2020-07-05&source_impression_id=p3_1588081259_LlxokMjyjICKguj%2B&guests=1&adults=1;4;1;2;1;Entire home;407;Gradinar;41;4.98;Brasov, Romania;45645;2560047
StayPlay2 Center Theater Brasov NEW;https://www.airbnb.com.ro/rooms/39989043?location=Brasov%2C%20Bra%C8%99ov%2C%20Ruman%C3%ADa&check_in=2020-07-04&check_out=2020-07-05&source_impression_id=p3_1588158768_VLqrYFvKp5uDQmcR&guests=1&adults=1;4;1;2;1;Entire home;305;Gradinar;7;5.0;Brasov, Romania;45645;2560047
Stefania Apartament -  s2&3;https://www.airbnb.com.ro/rooms/42044963?location=Brasov%2C%20Bra%C8%99ov%2C%20Ruman%C3%ADa&check_in=2020-07-04&check_out=2020-07-05&source_impression_id=p3_1588235096_zGC%2FO0m1ODkBWd%2FA&guests=1&adults=1;4;2;2;1;Private room in apartament;207;Bianca&Robert;3;5.0;Brasov, Romania;4566603;2561073
Stefania Apartament-entire apartament;https://www.airbnb.com.ro/rooms/40827525?location=Brasov%2C%20Bra%C8%99ov%2C%20Ruman%C3%ADa&check_in=2020-07-04&check_out=2020-07-05&source_impression_id=p3_1588140835_eqNXWJEUZyutiyKw&guests=1&adults=1;8;3;4;1;Entire home;310;Bianca&Robert;55;4.60;Brasov, Romania;4566603;2561073
Stephanie Apartament;https://www.airbnb.com.ro/rooms/16131809?location=Brasov%2C%20Bra%C8%99ov%2C%20Ruman%C3%ADa&check_in=2020-07-04&check_out=2020-07-05&source_impression_id=p3_1588066962_nToHDqGYjRUQ%2BtM1&guests=1&adults=1;4;1;2;1;Entire home;140;Stefania;123;4.93;Brasov, Romania;45664;25607
1 APARTAMENT EMY;https://www.airbnb.com.ro/rooms/16863127?location=Brasov%2C%20Bra%C8%99ov%2C%20Ruman%C3%ADa&check_in=2020-07-04&check_out=2020-07-05&source_impression_id=p3_1588140704_3SkkBx%2BJY73a8Zst&guests=1&adults=1;2;1;1;1;Entire home;121;Emil;59;4.54;Brasov, Romania;45642;25594
1 Xenia;https://www.airbnb.com.ro/rooms/36922240?location=Brasov%2C%20Bra%C8%99ov%2C%20Ruman%C3%ADa&check_in=2020-07-04&check_out=2020-07-05&previous_page_section_name=1000&federated_search_id=79789f61-515f-4499-a673-6463fe2578c5;2;1;1;1;Entire home;169;Romina;9;5.0;Brasov, Romania;4567311;2560828
1Boutique;https://www.airbnb.com/rooms/27211509?location=Brasov&check_in=2020-07-10&check_out=2020-07-11&previous_page_section_name=1000&federated_search_id=3ea7763b-0b08-4fe4-8f0e-0bb1e99b2661;2;1;1;1;Entire home;116;Alexandru;94;;Brasov, Romania;4564205;2558563
Sunny Apartment and a Terrace with View;https://www.airbnb.com/rooms/31844188?location=Brasov&check_in=2020-07-10&check_out=2020-07-11&previous_page_section_name=1000&federated_search_id=3ea7763b-0b08-4fe4-8f0e-0bb1e99b2661;2;1;1;1;Entire home;148;Ana;85;4.76;Brasov, Romania;4565233;2560006
Sunrise Luxury Residence (5 min to the old center);https://www.airbnb.com.ro/rooms/plus/33992666?location=Brasov%2C%20Bra%C8%99ov%2C%20Ruman%C3%ADa&check_in=2020-07-04&check_out=2020-07-05&source_impression_id=p3_1588061390_F1QkdR4rC8ap5nVV&guests=1&adults=1;2;1;1;1;Entire home;109;Bogdan;13;4.97;Brasov, Romania;4563497;2563297
Sunrise Republicii Apartament (Brasov Old Central);https://www.airbnb.com.ro/rooms/34859265?location=Brasov%2C%20Bra%C8%99ov%2C%20Ruman%C3%ADa&check_in=2020-07-04&check_out=2020-07-05&source_impression_id=p3_1588242978_8dZlla2OEOyOv1vI&guests=1&adults=1;4;1;1;1;Entire home;350;Dana;6;5.0;Brasov, Romania;4564277;255924
Sunrise Republicii 1 (Brasov Old Center);https://www.airbnb.com.ro/rooms/39185076?location=Brasov%2C%20Bra%C8%99ov%2C%20Ruman%C3%ADa&check_in=2020-07-04&check_out=2020-07-05&source_impression_id=p3_1588093865_fsjrphjdV9CqXV5j&guests=1&adults=1;4;2;2;2;Entire home;179;Dana;15;4.40;Brasov, Romania;4564378;2559159
Tampa Central Apartament;https://www.airbnb.com.ro/rooms/39244164?location=Brasov%2C%20Bra%C8%99ov%2C%20Ruman%C3%ADa&check_in=2020-07-04&check_out=2020-07-05&source_impression_id=p3_1588060920_meliHxf%2B52Z%2FMdYa&guests=1&adults=1;4;1;1;1;Entire home;120;Diana;6;4.60;Brasov, Romania;4564073;2559051
Tampa Central 1;https://www.airbnb.com.ro/rooms/39268729?location=Brasov%2C%20Bra%C8%99ov%2C%20Ruman%C3%ADa&check_in=2020-07-04&check_out=2020-07-05&source_impression_id=p3_1588145937_Kr7APwPmjrI61Eqk&guests=1&adults=1;2;1;1;1;Entire home;120;Diana;1;0;Brasov, Romania;4564158;2559186
Tampa Residence Old Town, next to The Black Church;https://www.airbnb.com.ro/rooms/10222100?location=Brasov%2C%20Bra%C8%99ov%2C%20Ruman%C3%ADa&check_in=2020-07-04&check_out=2020-07-05&source_impression_id=p3_1588246332_%2BFhyZE0OVvi7FzLL&guests=1&adults=1;6;2;3;1;Entire home;300;Elena;109;4.90;Brasov, Romania;4564158;2559186
Tania apartament Coresi mall;https://www.airbnb.com.ro/rooms/37117886?location=Brasov%2C%20Bra%C8%99ov%2C%20Ruman%C3%ADa&check_in=2020-07-04&check_out=2020-07-05&source_impression_id=p3_1588227869_U2UahFcciWAcH4aY&guests=1&adults=1;4;1;1;1;Entire home;200;Lucian;4;5.0;Brasov, Romania;456697;2561689
The Arch 1 - Awesome Old Town Historical Gem;https://www.airbnb.com.ro/rooms/24695530?location=Brasov%2C%20Bra%C8%99ov%2C%20Ruman%C3%ADa&check_in=2020-07-04&check_out=2020-07-05&source_impression_id=p3_1588234224_G2Cn5s7vkEwRYn6A&guests=1&adults=1;3;1;2;1;Entire home;237;Tavi;43;5.0;Brasov, Romania;4564165;2559252
The Attic in Main Square;https://www.airbnb.com/rooms/4156240?location=Brasov&check_in=2020-07-10&check_out=2020-07-11&source_impression_id=p3_1588002361_V6Bv%2F1zKrQmKKD%2Bo&guests=1&adults=1;4;1;2;1;Entire home;271;Vlad;261;4.51;Brasov, Romania;45642;25588
The Cube Apt¸Tampa Mt View from Balcony¸Old Town;https://www.airbnb.com/rooms/35380991?location=Brasov&check_in=2020-07-10&check_out=2020-07-11&previous_page_section_name=1000&federated_search_id=3ea7763b-0b08-4fe4-8f0e-0bb1e99b2661;4;1;2;1;Entire home;223;Claudia;29;5.0;Brasov, Romania;45644;25589
The Dream - Charming landscape above the old town;https://www.airbnb.com.ro/rooms/37550165?location=Brasov%2C%20Bra%C8%99ov%2C%20Ruman%C3%ADa&check_in=2020-07-04&check_out=2020-07-05&source_impression_id=p3_1588246908_qlJ8SpgnUzhYnhof&guests=1&adults=1;4;1;1;1;The whole apartment in residential complex;339;Denise;1;0;Brasov, Romania;4564607;2558125
The house with the view;https://www.airbnb.com.ro/rooms/37168692?location=Brasov%2C%20Bra%C8%99ov%2C%20Ruman%C3%ADa&check_in=2020-07-04&check_out=2020-07-05&source_impression_id=p3_1588061162_SlWkUcwbPAQJOAor&guests=1&adults=1;4;1;1;1;Entire home;150;Stefania;35;4.89;Brasov, Romania;4563563;2557464
Tiny Li'l Cuckoo Nest;https://www.airbnb.com/rooms/41076195?location=Brasov%2C%20Bra%C8%99ov%2C%20Ruman%C3%ADa&check_in=2020-07-04&check_out=2020-07-05&source_impression_id=p3_1588065557_Bolk8MA4H0UQnA4B&guests=1&adults=1&locale=en&_set_bev_on_new_domain=1587986334_N2M5MmRiYTQwZTlj;3;1;2;1;Entire home;179;Vlad;9;5.0;Brasov, Romania;4564162;2559389
Tourists  Atelier;https://www.airbnb.com/rooms/15460792?location=Brasov&check_in=2020-07-10&check_out=2020-07-11&previous_page_section_name=1000&federated_search_id=3ea7763b-0b08-4fe4-8f0e-0bb1e99b2661;6;3;4;1;Entire home;318;Adina;367;;Brasov, Romania;4565274;255933
Transilvania Mansion;https://www.airbnb.com.ro/rooms/41209956?location=Brasov%2C%20Bra%C8%99ov%2C%20Ruman%C3%ADa&check_in=2020-07-04&check_out=2020-07-05&source_impression_id=p3_1588078098_OJmzzfmThPbGin4v&guests=1&adults=1;16;8;11;8;Entire home;2.200;Antonia;2;0;Brasov, Romania;456.905;2556213
Travellers Getaway 1;https://www.airbnb.com.ro/rooms/39715182?location=Brasov%2C%20Bra%C8%99ov%2C%20Ruman%C3%ADa&check_in=2020-07-04&check_out=2020-07-05&source_impression_id=p3_1588140597_S9dqDL8cVD1VY8jd&guests=1&adults=1;2;1;1;1;Entire home;150;Alexandra;21;4.90;Brasov, Romania;4564073;2557768
Travels Home o vacanta de vis;https://www.airbnb.com.ro/s/Brasov--Bra%C8%99ov--Ruman%C3%ADa/homes?tab_id=home_tab&refinement_paths%5B%5D=%2Fhomes&place_id=ChIJ8RSiKoZbs0ARDx45VO_y9Ww&source=structured_search_input_header&search_type=pagination&map_toggle=false&federated_search_session_id=a952fa8d-a49b-41df-a2a4-e958ddce6c96&section_offset=4&items_offset=80&query=Bra%C8%99ov%2C%20Rom%C3%A2nia&checkin=2020-07-04&checkout=2020-07-05;4;1;2;1;Entire home;180;Aconstantinesei;11;5.0;Brasov, Romania;456585;2558409
Tu Casa;https://www.airbnb.com.ro/rooms/41988509?location=Brasov%2C%20Bra%C8%99ov%2C%20Ruman%C3%ADa&check_in=2020-07-04&check_out=2020-07-05&source_impression_id=p3_1588059475_p8UbT5KlMmLB5Lgl;2;1;1;1;Entire home;110;Ovidiu;0;0;Brasov, Romania;4566047;2560783
Tudor Central 1;https://www.airbnb.com.ro/rooms/35536479?location=Brasov%2C%20Bra%C8%99ov%2C%20Ruman%C3%ADa&check_in=2020-07-04&check_out=2020-07-05&source_impression_id=p3_1588140474_GLu1%2FxifCBa4HKYJ&guests=1&adults=1;2;1;1;1;Entire home;144;Valentina;3;4.33;Brasov, Romania;456501;2559967
Urban Apartament;https://www.airbnb.com.ro/rooms/40296315?location=Brasov%2C%20Bra%C8%99ov%2C%20Ruman%C3%ADa&check_in=2020-07-04&check_out=2020-07-05&source_impression_id=p3_1588093820_KGqV0GLLIsbz%2BkPE&guests=1&adults=1;4;1;2;1;Entire home;250;Anca;8;5.0;Brasov, Romania;4567297;2560221
Urban Village Bungalow 1;https://www.airbnb.com.ro/rooms/41769506?location=Brasov%2C%20Bra%C8%99ov%2C%20Ruman%C3%ADa&check_in=2020-07-04&check_out=2020-07-05&previous_page_section_name=1000&federated_search_id=96fbd9ab-c0ed-43d2-8378-1d31d2469fd3;2;1;2;6;Entire home;190;Toth;1;0;Brasov, Romania;456419;255912
Urban Village Bungalow 2;https://www.airbnb.com/rooms/41846652?location=Brasov&check_in=2020-07-10&check_out=2020-07-11&previous_page_section_name=1000&federated_search_id=3ea7763b-0b08-4fe4-8f0e-0bb1e99b2661;2;1;2;6;Entire home;227;Toth;4;;Brasov, Romania;456419;255912
Urban Village Bungalow 2;https://www.airbnb.com.ro/rooms/41846652?location=Brasov%2C%20Bra%C8%99ov%2C%20Ruman%C3%ADa&check_in=2020-07-04&check_out=2020-07-05&source_impression_id=p3_1588065824_P3Af9KCIgvKuLkNh&guests=1&adults=1;2;1;2;6;Entire home;190;Toth;3;5.0;Brasov, Romania;456419;255912
VfB bebe;https://www.airbnb.com.ro/rooms/39540639?location=Brasov%2C%20Bra%C8%99ov%2C%20Ruman%C3%ADa&check_in=2020-07-04&check_out=2020-07-05&source_impression_id=p3_1588140551_GBLcyqofOp6X8OLC&guests=1&adults=1;3;1;1;1;Entire home;115;Ellis;0;0;Brasov, Romania;4564383;255952
Victor Apartament;https://www.airbnb.com.ro/rooms/38967787?location=Brasov%2C%20Bra%C8%99ov%2C%20Ruman%C3%ADa&check_in=2020-07-04&check_out=2020-07-05&source_impression_id=p3_1588061337_kByAA4tPXulOWzL4;3;1;2;1;Entire home;160;Corsatea;7;5.0;Brasov, Romania;4567209;2560881
Vila Adrian, Fantasy apartament;https://www.airbnb.com.ro/rooms/31365963?location=Brasov%2C%20Bra%C8%99ov%2C%20Ruman%C3%ADa&check_in=2020-07-04&check_out=2020-07-05&source_impression_id=p3_1588244822_qGNMn9Z0zTT%2FANEo&guests=1&adults=1;6;2;3;1;Entire home;300;Lia;10;4.60;Brasov, Romania;4563607;2558379
Vila Paul Dream Room Medieval Historical Center;https://www.airbnb.com.ro/rooms/20315470?location=Brasov%2C%20Bra%C8%99ov%2C%20Ruman%C3%ADa&check_in=2020-07-04&check_out=2020-07-05&source_impression_id=p3_1588231073_R8bpHwrejkEGEpjr&guests=1&adults=1;3;1;2;1;Private room in apartament;114;Radu;111;4.95;Brasov, Romania;45638;25578
Vila Paul Medieval Historical Centre;https://www.airbnb.com.ro/rooms/19429657?location=Brasov%2C%20Bra%C8%99ov%2C%20Ruman%C3%ADa&check_in=2020-07-04&check_out=2020-07-05&source_impression_id=p3_1588066701_Z6qkSymiBNE3T3gH&guests=1&adults=1;8;3;5;1;Entire home;367;Radu;91;4.90;Brasov, Romania;45638;25578
Vintage 1 Brasov;https://www.airbnb.com.ro/rooms/18446201?location=Brasov%2C%20Bra%C8%99ov%2C%20Ruman%C3%ADa&check_in=2020-07-04&check_out=2020-07-05&source_impression_id=p3_1588142164_1BXHisCes9jFhbP5;2;1;1;1;Entire home;140;Claudia;28;4.64;Brasov, Romania;4564814;2559946
Vintage stylish cozy house;https://www.airbnb.com.ro/rooms/41096334?location=Brasov%2C%20Bra%C8%99ov%2C%20Ruman%C3%ADa&check_in=2020-07-04&check_out=2020-07-05&source_impression_id=p3_1588083691_G9bm3DfRiHW23ged&guests=1&adults=1;3;1;2;1;Entire home;150;Triandafil;4;4.76;Brasov, Romania;4564606;2562897
Voya  Apartaments - a luxury oasis in the old town;https://www.airbnb.com.ro/rooms/38821577?location=Brasov%2C%20Bra%C8%99ov%2C%20Ruman%C3%ADa&check_in=2020-07-04&check_out=2020-07-05&source_impression_id=p3_1588066157_UHBFzjOGGAVffLKK;4;1;2;1;Entire home;320;Georgiana Anca;18;5.0;Brasov, Romania;45649;25588
VOYA NORDIC Apartment-luxury oasis in the old town;https://www.airbnb.com.ro/rooms/40033416?location=Brasov%2C%20Bra%C8%99ov%2C%20Ruman%C3%ADa&check_in=2020-07-04&check_out=2020-07-05&source_impression_id=p3_1588244690_4uOgfaFJX3dHT13j&guests=1&adults=1;4;1;2;1;Entire home;346;Georgiana Anca;10;5.0;Brasov, Romania;45649;25588
Wooden House surrounded by squirrels;https://www.airbnb.com.ro/rooms/42419247?location=Brasov%2C%20Bra%C8%99ov%2C%20Ruman%C3%ADa&check_in=2020-07-04&check_out=2020-07-05&previous_page_section_name=1000&federated_search_id=96fbd9ab-c0ed-43d2-8378-1d31d2469fd3;8;2;4;1;Entire home;425;Andrei Serban;3;5.0;Brasov, Romania;4564341;2557625
ZEN HOUSE centre of Bv;https://www.airbnb.com.ro/rooms/42726300?location=Brasov%2C%20Bra%C8%99ov%2C%20Ruman%C3%ADa&check_in=2020-07-04&check_out=2020-07-05&previous_page_section_name=1000&federated_search_id=eed091b9-2000-44bc-98fc-33593b4e4b5b;6;2;0;2;Entire home;439;Vartej;1;0;Brasov, Romania;456394;2558782
Zen 1;https://www.airbnb.com.ro/rooms/41489971?location=Brasov%2C%20Bra%C8%99ov%2C%20Ruman%C3%ADa&check_in=2020-07-04&check_out=2020-07-05&source_impression_id=p3_1588233871_4NwUU6MxWAxeVjmX&guests=1&adults=1;4;1;2;1;Entire home;200;Alin;28;4.75;Brasov, Romania;4563889;2558947
Zoom Room 102 Old Town Center;https://www.airbnb.com.ro/rooms/41105469?location=Brasov%2C%20Bra%C8%99ov%2C%20Ruman%C3%ADa&check_in=2020-07-04&check_out=2020-07-05&source_impression_id=p3_1588161309_0ucEGIHOn11GZdAX&guests=1&adults=1;2;1;1;1;Private room in apartament;350;Ionut;5;5.0;Brasov, Romania;4564219;2559279
Zoom Room 104 Old Town Center;https://www.airbnb.com.ro/rooms/41105712?location=Brasov%2C%20Bra%C8%99ov%2C%20Ruman%C3%ADa&check_in=2020-07-04&check_out=2020-07-05&source_impression_id=p3_1588158142_dFln8DZZm7zRCqZk&guests=1&adults=1;2;1;1;1;Entire home;239;Ionut;1;0;Brasov, Romania;4564219;2559279
Zsizelle Residence;https://www.airbnb.com.ro/rooms/36500195?location=Brasov%2C%20Bra%C8%99ov%2C%20Ruman%C3%ADa&check_in=2020-07-04&check_out=2020-07-05&source_impression_id=p3_1588232718_Wt8OS3HGVBmIz0Mv&guests=1&adults=1;4;1;2;1;Entire home;99;Gyongyi;30;4.87;Brasov, Romania;456559;2559361
